20000906;SHUL4;SCHULZ;PN *;1300;1300
20000911;SHUL4;SCHULZ;PN *;1320;1320
20000912;SHUL4;SCHULZ;PN *;1400;1400
20000913;SHUL4;SCHULZ;PN *;1420;1410
20000918;SHUL4;SCHULZ;PN *;1350;1360
20000926;SHUL4;SCHULZ;PN *;1350;1350
20001005;SHUL4;SCHULZ;PN *;1272;1499
20001011;SHUL4;SCHULZ;PN *;1348;1348
20001018;SHUL4;SCHULZ;PN *;1300;1300
20001019;SHUL4;SCHULZ;PN *;1250;1250
20001020;SHUL4;SCHULZ;PN *;1260;1260
20001031;SHUL4;SCHULZ;PN *;1350;1400
20001103;SHUL4;SCHULZ;PN *;1230;1260
20001106;SHUL4;SCHULZ;PN *;1200;1200
20001108;SHUL4;SCHULZ;PN *;1200;1200
20001110;SHUL4;SCHULZ;PN *;1200;1200
20001114;SHUL4;SCHULZ;PN *;1300;1300
20001117;SHUL4;SCHULZ;PN *;1218;1218
20001121;SHUL4;SCHULZ;PN *;1300;1300
20001128;SHUL4;SCHULZ;PN *;1150;1100
20001129;SHUL4;SCHULZ;PN *;1100;1100
20001201;SHUL4;SCHULZ;PN *;1100;1100
20001205;SHUL4;SCHULZ;PN *;1100;1100
20001206;SHUL4;SCHULZ;PN *;1100;1000
20001207;SHUL4;SCHULZ;PN *;1050;950
20001208;SHUL4;SCHULZ;PN *;1100;1060
20001212;SHUL4;SCHULZ;PN *;1021;1020
20001221;SHUL4;SCHULZ;PN *;1080;1080
20001227;SHUL4;SCHULZ;PN *;1399;1399
20000414;SHUL4;SCHULZ;PN *;950;810
20000407;SHUL4;SCHULZ;PN *;1000;1000
20000417;SHUL4;SCHULZ;PN *;880;920
20000418;SHUL4;SCHULZ;PN *;1000;1000
20000424;SHUL4;SCHULZ;PN *;1100;940
20000426;SHUL4;SCHULZ;PN *;1000;1100
20000428;SHUL4;SCHULZ;PN *;1150;1200
20000502;SHUL4;SCHULZ;PN *;1130;1130
20000510;SHUL4;SCHULZ;PN *;1050;1050
20000511;SHUL4;SCHULZ;PN *;1050;1050
20000515;SHUL4;SCHULZ;PN *;1050;1050
20000516;SHUL4;SCHULZ;PN *;1000;1000
20000517;SHUL4;SCHULZ;PN *;1015;1000
20000518;SHUL4;SCHULZ;PN *;1000;1020
20000522;SHUL4;SCHULZ;PN *;1050;1050
20000523;SHUL4;SCHULZ;PN *;1100;1100
20000524;SHUL4;SCHULZ;PN *;1150;1150
20000525;SHUL4;SCHULZ;PN *;1190;1190
20000602;SHUL4;SCHULZ;PN *;1150;1180
20000605;SHUL4;SCHULZ;PN *;1220;1220
20000606;SHUL4;SCHULZ;PN *;1280;1105
20000607;SHUL4;SCHULZ;PN *;1150;1200
20000609;SHUL4;SCHULZ;PN *;1200;1200
20000614;SHUL4;SCHULZ;PN *;1300;1320
20000615;SHUL4;SCHULZ;PN *;1350;1400
20000619;SHUL4;SCHULZ;PN *;1390;1390
20000628;SHUL4;SCHULZ;PN *;1398;1398
20000630;SHUL4;SCHULZ;PN *;1400;1480
20000703;SHUL4;SCHULZ;PN *;1499;1499
20000714;SHUL4;SCHULZ;PN *;1389;1389
20000725;SHUL4;SCHULZ;PN *;1300;1281
20000731;SHUL4;SCHULZ;PN *;1479;1330
20000808;SHUL4;SCHULZ;PN *;1347;1299
20000809;SHUL4;SCHULZ;PN *;1290;1300
20000811;SHUL4;SCHULZ;PN *;1300;1300
20000816;SHUL4;SCHULZ;PN *;1300;1300
20000818;SHUL4;SCHULZ;PN *;1380;1350
20000822;SHUL4;SCHULZ;PN *;1400;1400
20000823;SHUL4;SCHULZ;PN *;1390;1390
20000824;SHUL4;SCHULZ;PN *;1350;1350
20000825;SHUL4;SCHULZ;PN *;1350;1340
20000830;SHUL4;SCHULZ;PN *;1340;1340
20000831;SHUL4;SCHULZ;PN *;1390;1390
20000901;SHUL4;SCHULZ;PN *;1360;1321
20000904;SHUL4;SCHULZ;PN *;1320;1310
20000905;SHUL4;SCHULZ;PN *;1310;1320
20000406;SHUL4;SCHULZ;PN *;940;960
20000103;SHUL4;SCHULZ;PN *;1200;1220
20000107;SHUL4;SCHULZ;PN *;1250;1250
20000110;SHUL4;SCHULZ;PN *;1300;1300
20000111;SHUL4;SCHULZ;PN *;1250;1250
20000113;SHUL4;SCHULZ;PN *;1150;1240
20000114;SHUL4;SCHULZ;PN *;1150;1240
20000117;SHUL4;SCHULZ;PN *;1100;1250
20000118;SHUL4;SCHULZ;PN *;1350;1350
20000120;SHUL4;SCHULZ;PN *;1350;1390
20000124;SHUL4;SCHULZ;PN *;1260;1260
20000126;SHUL4;SCHULZ;PN *;1300;1300
20000128;SHUL4;SCHULZ;PN *;1100;1199
20000201;SHUL4;SCHULZ;PN *;1200;1210
20000202;SHUL4;SCHULZ;PN *;1100;1100
20000203;SHUL4;SCHULZ;PN *;1150;1100
20000204;SHUL4;SCHULZ;PN *;1100;1100
20000405;SHUL4;SCHULZ;PN *;1000;1000
20000208;SHUL4;SCHULZ;PN *;1200;1197
20000209;SHUL4;SCHULZ;PN *;1300;1140
20000210;SHUL4;SCHULZ;PN *;1130;1050
20000211;SHUL4;SCHULZ;PN *;1100;1130
20000215;SHUL4;SCHULZ;PN *;1150;1150
20000222;SHUL4;SCHULZ;PN *;1200;1200
20000301;SHUL4;SCHULZ;PN *;1185;1185
20000404;SHUL4;SCHULZ;PN *;1129;1129
20000323;SHUL4;SCHULZ;PN *;1100;1179
20010102;SHUL4;SCHULZ;PN *;1150;1150
20010103;SHUL4;SCHULZ;PN *;1100;1100
20010104;SHUL4;SCHULZ;PN *;1100;1100
20010109;SHUL4;SCHULZ;PN *;1150;1150
20010110;SHUL4;SCHULZ;PN *;1181;1180
20010115;SHUL4;SCHULZ;PN *;1200;1200
20010117;SHUL4;SCHULZ;PN *;1220;1220
20010118;SHUL4;SCHULZ;PN *;1250;1250
20010122;SHUL4;SCHULZ;PN *;1270;1270
20010123;SHUL4;SCHULZ;PN *;1320;1320
20010130;SHUL4;SCHULZ;PN *;1200;1200
20010131;SHUL4;SCHULZ;PN *;1180;1180
20010201;SHUL4;SCHULZ;PN *;1220;1200
20010207;SHUL4;SCHULZ;PN *;1200;1200
20010208;SHUL4;SCHULZ;PN *;1250;1300
20010213;SHUL4;SCHULZ;PN *;1330;1330
20010215;SHUL4;SCHULZ;PN *;1250;1250
20010220;SHUL4;SCHULZ;PN *;1250;1200
20010301;SHUL4;SCHULZ;PN *;1200;1200
20010302;SHUL4;SCHULZ;PN *;1200;1197
20010308;SHUL4;SCHULZ;PN *;1150;1150
20010309;SHUL4;SCHULZ;PN *;1031;1031
20010321;SHUL4;SCHULZ;PN *;990;990
20010327;SHUL4;SCHULZ;PN *;1020;1020
20010402;SHUL4;SCHULZ;PN *;950;950
20010409;SHUL4;SCHULZ;PN *;970;970
20010419;SHUL4;SCHULZ;PN *;950;950
20010426;SHUL4;SCHULZ;PN *;950;950
20010430;SHUL4;SCHULZ;PN *;970;980
20010502;SHUL4;SCHULZ;PN *;990;990
20010503;SHUL4;SCHULZ;PN *;990;1000
20010504;SHUL4;SCHULZ;PN *;1000;1020
20010510;SHUL4;SCHULZ;PN *;1000;1010
20010511;SHUL4;SCHULZ;PN *;1020;1020
20010606;SHUL4;SCHULZ;PN *;992;992
20010607;SHUL4;SCHULZ;PN *;982;960
20010608;SHUL4;SCHULZ;PN *;980;980
20010710;SHUL4;SCHULZ;PN *;1000;1000
20010712;SHUL4;SCHULZ;PN *;1000;1000
20010713;SHUL4;SCHULZ;PN *;1030;1000
20010718;SHUL4;SCHULZ;PN *;1030;1030
20010719;SHUL4;SCHULZ;PN *;1000;1000
20010802;SHUL4;SCHULZ;PN *;1000;1000
20011011;SHUL4;SCHULZ;PN *;800;800
20011015;SHUL4;SCHULZ;PN *;800;800
20011101;SHUL4;SCHULZ;PN *;651;651
20011105;SHUL4;SCHULZ;PN *;900;900
20011119;SHUL4;SCHULZ;PN *;990;990
20011127;SHUL4;SCHULZ;PN *;1000;1000
20011130;SHUL4;SCHULZ;PN *;1050;1050
20011207;SHUL4;SCHULZ;PN *;1080;1100
20011210;SHUL4;SCHULZ;PN *;1115;1200
20011211;SHUL4;SCHULZ;PN *;1170;1170
20011212;SHUL4;SCHULZ;PN *;1190;1190
20011214;SHUL4;SCHULZ;PN *;1210;1210
20011218;SHUL4;SCHULZ;PN *;1230;1230
20011221;SHUL4;SCHULZ;PN *;1270;1270
20011226;SHUL4;SCHULZ;PN *;1300;1300
20011227;SHUL4;SCHULZ;PN *;1350;1380
20011228;SHUL4;SCHULZ;PN *;1400;1400
20020108;SHUL4;SCHULZ;PN *;1415;1415
20020131;SHUL4;SCHULZ;PN *;1300;1300
20020225;SHUL4;SCHULZ;PN *;1294;1295
20020304;SHUL4;SCHULZ;PN *ED;1230;1200
20020312;SHUL4;SCHULZ;PN *;970;970
20020319;SHUL4;SCHULZ;PN *;950;950
20020424;SHUL4;SCHULZ;PN *;1200;1200
20020425;SHUL4;SCHULZ;PN *;1200;1200
20020426;SHUL4;SCHULZ;PN *;1250;1200
20020429;SHUL4;SCHULZ;PN *;1103;1103
20020510;SHUL4;SCHULZ;PN *;1030;1000
20020517;SHUL4;SCHULZ;PN *;930;930
20020521;SHUL4;SCHULZ;PN *;930;930
20020524;SHUL4;SCHULZ;PN *;930;930
20020528;SHUL4;SCHULZ;PN *;950;950
20020603;SHUL4;SCHULZ;PN *;950;950
20020619;SHUL4;SCHULZ;PN *;950;950
20020621;SHUL4;SCHULZ;PN *;900;900
20020807;SHUL4;SCHULZ;PN *;900;900
20020809;SHUL4;SCHULZ;PN *;922;922
20020816;SHUL4;SCHULZ;PN *;1000;1000
20020826;SHUL4;SCHULZ;PN *;1000;1000
20020830;SHUL4;SCHULZ;PN *;1000;1000
20020905;SHUL4;SCHULZ;PN *;1007;1007
20020927;SHUL4;SCHULZ;PN *;1050;1050
20021010;SHUL4;SCHULZ;PN *;1000;1000
20021101;SHUL4;SCHULZ;PN *;1050;1050
20021107;SHUL4;SCHULZ;PN *;1050;1050
20021113;SHUL4;SCHULZ;PN *;1100;1100
20021114;SHUL4;SCHULZ;PN *;1100;1100
20021204;SHUL4;SCHULZ;PN *;1050;1100
20021218;SHUL4;SCHULZ;PN *;1150;1150
20030402;SHUL4;SCHULZ;PN *;1100;1099
20030409;SHUL4;SCHULZ;PN *;1100;1100
20030506;SHUL4;SCHULZ;PN *ED;1101;1100
20030507;SHUL4;SCHULZ;PN *ED;1100;1100
20030509;SHUL4;SCHULZ;PN *ED;1100;1100
20030512;SHUL4;SCHULZ;PN *ED;1100;1100
20030513;SHUL4;SCHULZ;PN *ED;1100;1100
20030514;SHUL4;SCHULZ;PN *;1100;1200
20030106;SHUL4;SCHULZ;PN *;1150;1150
20030522;SHUL4;SCHULZ;PN *;1100;1100
20030523;SHUL4;SCHULZ;PN *;1200;1200
20030110;SHUL4;SCHULZ;PN *;1200;1200
20030120;SHUL4;SCHULZ;PN *;1200;1200
20030610;SHUL4;SCHULZ;PN *;1150;1150
20030124;SHUL4;SCHULZ;PN *;1200;1200
20030129;SHUL4;SCHULZ;PN *;1200;1200
20030624;SHUL4;SCHULZ;PN *;1206;1206
20030708;SHUL4;SCHULZ;PN *;1151;1151
20030718;SHUL4;SCHULZ;PN *;1136;1136
20030721;SHUL4;SCHULZ;PN *;1136;1136
20030722;SHUL4;SCHULZ;PN *;1200;1200
20030729;SHUL4;SCHULZ;PN *;1200;1200
20030804;SHUL4;SCHULZ;PN *;1150;1150
20030307;SHUL4;SCHULZ;PN *;1100;1090
20031218;SHUL4;SCHULZ;PN *;2001;1999
20031222;SHUL4;SCHULZ;PN *;2000;2000
20031223;SHUL4;SCHULZ;PN *;2000;2000
20031229;SHUL4;SCHULZ;PN *;2000;2000
20031230;SHUL4;SCHULZ;PN *;2000;2200
20030818;SHUL4;SCHULZ;PN *;1499;1499
20030819;SHUL4;SCHULZ;PN *;1350;1300
20030822;SHUL4;SCHULZ;PN *;1300;1300
20030901;SHUL4;SCHULZ;PN *;1450;1450
20030903;SHUL4;SCHULZ;PN *;1400;1400
20030905;SHUL4;SCHULZ;PN *;1300;1300
20030910;SHUL4;SCHULZ;PN *;1260;1260
20030912;SHUL4;SCHULZ;PN *;1330;1400
20030915;SHUL4;SCHULZ;PN *;1300;1300
20030916;SHUL4;SCHULZ;PN *;1300;1300
20030917;SHUL4;SCHULZ;PN *;1300;1400
20030924;SHUL4;SCHULZ;PN *;1311;1311
20030926;SHUL4;SCHULZ;PN *;1300;1300
20030930;SHUL4;SCHULZ;PN *;1300;1326
20031001;SHUL4;SCHULZ;PN *;1250;1280
20031002;SHUL4;SCHULZ;PN *;1300;1300
20031006;SHUL4;SCHULZ;PN *;1399;1400
20031007;SHUL4;SCHULZ;PN *;1600;1700
20031008;SHUL4;SCHULZ;PN *;1900;1780
20031009;SHUL4;SCHULZ;PN *;1990;2030
20031013;SHUL4;SCHULZ;PN *;2000;2050
20031015;SHUL4;SCHULZ;PN *;2000;2000
20031017;SHUL4;SCHULZ;PN *;2000;2000
20031020;SHUL4;SCHULZ;PN *;2000;2000
20031021;SHUL4;SCHULZ;PN *;2050;2000
20031027;SHUL4;SCHULZ;PN *;2050;2050
20031030;SHUL4;SCHULZ;PN *;2000;2000
20031031;SHUL4;SCHULZ;PN *;2150;2150
20031103;SHUL4;SCHULZ;PN *;2200;2200
20031104;SHUL4;SCHULZ;PN *;2450;2450
20031105;SHUL4;SCHULZ;PN *;2600;2700
20031106;SHUL4;SCHULZ;PN *;2900;2900
20031112;SHUL4;SCHULZ;PN *;2900;2900
20031119;SHUL4;SCHULZ;PN *;2750;2750
20031125;SHUL4;SCHULZ;PN *;2750;2750
20031126;SHUL4;SCHULZ;PN *;2789;2789
20031203;SHUL4;SCHULZ;PN *;2780;2780
20031211;SHUL4;SCHULZ;PN *;2450;2450
20040102;SHUL4;SCHULZ;PN *;2250;2300
20040106;SHUL4;SCHULZ;PN *;2200;2200
20040107;SHUL4;SCHULZ;PN *;2300;2200
20040108;SHUL4;SCHULZ;PN *;2300;2300
20040109;SHUL4;SCHULZ;PN *;2300;2300
20040116;SHUL4;SCHULZ;PN *;2001;2001
20040119;SHUL4;SCHULZ;PN *;2150;2150
20040120;SHUL4;SCHULZ;PN *;2050;2001
20040121;SHUL4;SCHULZ;PN *;2001;2001
20040126;SHUL4;SCHULZ;PN *;2050;2050
20040130;SHUL4;SCHULZ;PN *;2001;2000
20040203;SHUL4;SCHULZ;PN *;2000;2050
20040216;SHUL4;SCHULZ;PN *;1900;1900
20040227;SHUL4;SCHULZ;PN *;1900;1900
20040303;SHUL4;SCHULZ;PN *;1930;1930
20040304;SHUL4;SCHULZ;PN *;1800;1800
20040305;SHUL4;SCHULZ;PN *;1900;1900
20040308;SHUL4;SCHULZ;PN *;1950;1950
20040317;SHUL4;SCHULZ;PN *;1900;1900
20040322;SHUL4;SCHULZ;PN *;1900;1900
20040323;SHUL4;SCHULZ;PN *;1850;1850
20040324;SHUL4;SCHULZ;PN *;1850;1850
20040402;SHUL4;SCHULZ;PN *;1800;1800
20040412;SHUL4;SCHULZ;PN *;1780;1780
20040414;SHUL4;SCHULZ;PN *;1780;1780
20040415;SHUL4;SCHULZ;PN *;1780;1780
20040423;SHUL4;SCHULZ;PN *ED;1750;1750
20040426;SHUL4;SCHULZ;PN *ED;1750;1750
20040427;SHUL4;SCHULZ;PN *ED;1800;1800
20040503;SHUL4;SCHULZ;PN *ED;1931;1905
20040504;SHUL4;SCHULZ;PN *ED;1911;1910
20040506;SHUL4;SCHULZ;PN *;1911;1910
20040507;SHUL4;SCHULZ;PN *;1850;1850
20040510;SHUL4;SCHULZ;PN *;1830;1800
20040513;SHUL4;SCHULZ;PN *;1800;1800
20040526;SHUL4;SCHULZ;PN *;2270;2100
20040528;SHUL4;SCHULZ;PN *;1906;1906
20040611;SHUL4;SCHULZ;PN *;2101;2101
20040614;SHUL4;SCHULZ;PN *;1900;1900
20040617;SHUL4;SCHULZ;PN *;2101;2100
20040621;SHUL4;SCHULZ;PN *;2101;2100
20040622;SHUL4;SCHULZ;PN *;2100;2100
20040623;SHUL4;SCHULZ;PN *;2100;2200
20040624;SHUL4;SCHULZ;PN *;2200;2300
20040630;SHUL4;SCHULZ;PN *;2300;2300
20040707;SHUL4;SCHULZ;PN *;2380;2300
20040708;SHUL4;SCHULZ;PN *;2350;2350
20040719;SHUL4;SCHULZ;PN *;2599;2550
20040723;SHUL4;SCHULZ;PN *;2700;2715
20040726;SHUL4;SCHULZ;PN *;2720;2720
20040727;SHUL4;SCHULZ;PN *;2850;2750
20040728;SHUL4;SCHULZ;PN *;3000;3000
20040729;SHUL4;SCHULZ;PN *;3001;3200
20040730;SHUL4;SCHULZ;PN *;3350;3350
20040805;SHUL4;SCHULZ;PN *;3200;3200
20040806;SHUL4;SCHULZ;PN *;3699;3700
20040809;SHUL4;SCHULZ;PN *;3700;3700
20040810;SHUL4;SCHULZ;PN *;3800;3800
20040816;SHUL4;SCHULZ;PN *;3250;3250
20040825;SHUL4;SCHULZ;PN *;3900;3900
20040826;SHUL4;SCHULZ;PN *;3500;3500
20040831;SHUL4;SCHULZ;PN *;3500;3500
20040908;SHUL4;SCHULZ;PN *;3800;3800
20040910;SHUL4;SCHULZ;PN *;3800;3800
20040920;SHUL4;SCHULZ;PN *;3900;3900
20040921;SHUL4;SCHULZ;PN *;3900;3900
20040929;SHUL4;SCHULZ;PN *;4000;4000
20040930;SHUL4;SCHULZ;PN *;4000;4000
20041001;SHUL4;SCHULZ;PN *;3999;3999
20041004;SHUL4;SCHULZ;PN *;4000;4000
20041008;SHUL4;SCHULZ;PN *;4000;4000
20041011;SHUL4;SCHULZ;PN *;4390;4390
20041103;SHUL4;SCHULZ;PN *;4200;4200
20041110;SHUL4;SCHULZ;PN *;4100;4100
20041111;SHUL4;SCHULZ;PN *;4100;4100
20041118;SHUL4;SCHULZ;PN *;4100;4100
20041119;SHUL4;SCHULZ;PN *;4390;4300
20041122;SHUL4;SCHULZ;PN *;4300;4300
20041123;SHUL4;SCHULZ;PN *;4300;4300
20041206;SHUL4;SCHULZ;PN *;4390;4500
20041207;SHUL4;SCHULZ;PN *;4600;4600
20041209;SHUL4;SCHULZ;PN *;5000;5400
20041213;SHUL4;SCHULZ;PN *;5200;5150
20041215;SHUL4;SCHULZ;PN *;5500;5900
20041217;SHUL4;SCHULZ;PN *;5900;5900
20041221;SHUL4;SCHULZ;PN *;5700;5750
20041222;SHUL4;SCHULZ;PN *;5701;6000
20041227;SHUL4;SCHULZ;PN *;6000;6000
20041229;SHUL4;SCHULZ;PN *;6200;6200
20050103;SHUL4;SCHULZ;PN *;6400;6200
20050104;SHUL4;SCHULZ;PN *;6200;6200
20050107;SHUL4;SCHULZ;PN *;6200;6200
20050111;SHUL4;SCHULZ;PN *;6000;6000
20050118;SHUL4;SCHULZ;PN *;6000;6000
20050119;SHUL4;SCHULZ;PN *;5850;5850
20050124;SHUL4;SCHULZ;PN *;6060;6060
20050126;SHUL4;SCHULZ;PN *;5950;5950
20050127;SHUL4;SCHULZ;PN *;5900;5900
20050131;SHUL4;SCHULZ;PN *;6180;6180
20050201;SHUL4;SCHULZ;PN *;6000;6000
20050204;SHUL4;SCHULZ;PN *;6180;6200
20050210;SHUL4;SCHULZ;PN *;6350;6100
20050214;SHUL4;SCHULZ;PN *;6400;6400
20050216;SHUL4;SCHULZ;PN *;6200;6100
20050217;SHUL4;SCHULZ;PN *;6600;6600
20050222;SHUL4;SCHULZ;PN *;6500;7000
20050224;SHUL4;SCHULZ;PN *;7200;6900
20050228;SHUL4;SCHULZ;PN *;7500;7500
20050301;SHUL4;SCHULZ;PN *;7400;7500
20050302;SHUL4;SCHULZ;PN *;7500;7500
20050303;SHUL4;SCHULZ;PN *;7500;7500
20050304;SHUL4;SCHULZ;PN *;7500;7500
20050307;SHUL4;SCHULZ;PN *;7500;7500
20050308;SHUL4;SCHULZ;PN *;7500;7550
20050310;SHUL4;SCHULZ;PN *;7500;7500
20050315;SHUL4;SCHULZ;PN *;7300;7300
20050316;SHUL4;SCHULZ;PN *;7200;7300
20050318;SHUL4;SCHULZ;PN *;7499;7400
20050321;SHUL4;SCHULZ;PN *;7300;7400
20050322;SHUL4;SCHULZ;PN *;7400;7400
20050323;SHUL4;SCHULZ;PN *;7200;7200
20050328;SHUL4;SCHULZ;PN *;7200;7200
20050330;SHUL4;SCHULZ;PN *;7400;7200
20050331;SHUL4;SCHULZ;PN *;7600;7500
20050401;SHUL4;SCHULZ;PN *;7500;7400
20050404;SHUL4;SCHULZ;PN *;7300;7300
20050407;SHUL4;SCHULZ;PN *;7350;7400
20050408;SHUL4;SCHULZ;PN *;7400;7400
20050412;SHUL4;SCHULZ;PN *;7300;7300
20050413;SHUL4;SCHULZ;PN *;7200;7200
20050414;SHUL4;SCHULZ;PN *;7000;7000
20050426;SHUL4;SCHULZ;PN *;7001;7001
20050428;SHUL4;SCHULZ;PN *;7300;7400
20050429;SHUL4;SCHULZ;PN *;7400;7400
20050503;SHUL4;SCHULZ;PN *ED;7000;7000
20050506;SHUL4;SCHULZ;PN *ED;7200;7200
20050513;SHUL4;SCHULZ;PN *;6500;6999
20050517;SHUL4;SCHULZ;PN *;7000;7000
20050623;SHUL4;SCHULZ;PN *;6750;6750
20050627;SHUL4;SCHULZ;PN *;6800;6800
20050629;SHUL4;SCHULZ;PN *;7000;7000
20050630;SHUL4;SCHULZ;PN *;7250;7250
20050701;SHUL4;SCHULZ;PN *;7000;7000
20050713;SHUL4;SCHULZ;PN *;7000;7000
20050714;SHUL4;SCHULZ;PN *;7200;7200
20050722;SHUL4;SCHULZ;PN *;7200;7200
20050728;SHUL4;SCHULZ;PN *;7200;7200
20050729;SHUL4;SCHULZ;PN *;7400;7200
20050802;SHUL4;SCHULZ;PN *;7400;7400
20050803;SHUL4;SCHULZ;PN *;7600;7600
20050804;SHUL4;SCHULZ;PN *;7400;7400
20050817;SHUL4;SCHULZ;PN *;7400;7400
20050818;SHUL4;SCHULZ;PN *;7500;7500
20050824;SHUL4;SCHULZ;PN *;7600;7600
20050825;SHUL4;SCHULZ;PN *;7800;7800
20050826;SHUL4;SCHULZ;PN *;7800;7800
20050829;SHUL4;SCHULZ;PN *;7800;7800
20050831;SHUL4;SCHULZ;PN *;7900;7900
20050901;SHUL4;SCHULZ;PN *;8000;8000
20050902;SHUL4;SCHULZ;PN *;8000;8000
20050905;SHUL4;SCHULZ;PN *;8000;8000
20050906;SHUL4;SCHULZ;PN *;8000;8000
20050909;SHUL4;SCHULZ;PN *;7901;8000
20050913;SHUL4;SCHULZ;PN *;7900;8000
20050915;SHUL4;SCHULZ;PN *;8000;8000
20050919;SHUL4;SCHULZ;PN *;8100;8100
20050921;SHUL4;SCHULZ;PN *;8099;8099
20050928;SHUL4;SCHULZ;PN *;8100;8100
20050929;SHUL4;SCHULZ;PN *;8100;8100
20051003;SHUL4;SCHULZ;PN *;8100;8100
20051004;SHUL4;SCHULZ;PN *;8100;8100
20051006;SHUL4;SCHULZ;PN *;8100;8100
20051007;SHUL4;SCHULZ;PN *;8100;8100
20051010;SHUL4;SCHULZ;PN *;8200;8200
20051014;SHUL4;SCHULZ;PN *;8400;8400
20051017;SHUL4;SCHULZ;PN *;8400;8400
20051020;SHUL4;SCHULZ;PN *;8500;8500
20051024;SHUL4;SCHULZ;PN *;8001;8199
20051025;SHUL4;SCHULZ;PN *;8250;8400
20051031;SHUL4;SCHULZ;PN *;8350;8350
20051107;SHUL4;SCHULZ;PN *;8299;8300
20051109;SHUL4;SCHULZ;PN *;8400;8400
20051110;SHUL4;SCHULZ;PN *;8400;8400
20051111;SHUL4;SCHULZ;PN *;8150;8150
20051122;SHUL4;SCHULZ;PN *;7901;7901
20051125;SHUL4;SCHULZ;PN *;8000;8398
20051128;SHUL4;SCHULZ;PN *;8299;8299
20051129;SHUL4;SCHULZ;PN *;8249;8249
20061024;SHUL4;SCHULZ;PN *;10600;10800
20061031;SHUL4;SCHULZ;PN *;10652;10652
20061107;SHUL4;SCHULZ;PN *;10600;10800
20061108;SHUL4;SCHULZ;PN *;11000;11000
20061124;SHUL4;SCHULZ;PN *;11001;11001
20061127;SHUL4;SCHULZ;PN *;11490;11500
20061130;SHUL4;SCHULZ;PN *;11499;11400
20061201;SHUL4;SCHULZ;PN *;11450;11100
20061204;SHUL4;SCHULZ;PN *;11100;11400
20061207;SHUL4;SCHULZ;PN *;11800;12000
20061211;SHUL4;SCHULZ;PN *;11500;11500
20061212;SHUL4;SCHULZ;PN *;12000;12000
20061213;SHUL4;SCHULZ;PN *;12499;12499
20061214;SHUL4;SCHULZ;PN *;12500;13200
20061215;SHUL4;SCHULZ;PN *;13500;13500
20061218;SHUL4;SCHULZ;PN *;14000;14000
20061219;SHUL4;SCHULZ;PN *;14000;14000
20061220;SHUL4;SCHULZ;PN *;14300;14001
20061228;SHUL4;SCHULZ;PN *;14500;14500
20070619;SHUL4;SCHULZ;PN;2900;3044
20070620;SHUL4;SCHULZ;PN;3100;3000
20070621;SHUL4;SCHULZ;PN;3100;3150
20070622;SHUL4;SCHULZ;PN;3150;3150
20070625;SHUL4;SCHULZ;PN;3100;3200
20070626;SHUL4;SCHULZ;PN;3200;3200
20070627;SHUL4;SCHULZ;PN;3250;3250
20070628;SHUL4;SCHULZ;PN;3250;3450
20070629;SHUL4;SCHULZ;PN;3440;3380
20070702;SHUL4;SCHULZ;PN;3380;3369
20070703;SHUL4;SCHULZ;PN;3375;3202
20070704;SHUL4;SCHULZ;PN;3300;3289
20070705;SHUL4;SCHULZ;PN;3300;3399
20070706;SHUL4;SCHULZ;PN;3400;3590
20070710;SHUL4;SCHULZ;PN;3800;3615
20070711;SHUL4;SCHULZ;PN;3700;3650
20070712;SHUL4;SCHULZ;PN;3601;3560
20070713;SHUL4;SCHULZ;PN;3690;3560
20070716;SHUL4;SCHULZ;PN;3600;3500
20070717;SHUL4;SCHULZ;PN;3600;3550
20070718;SHUL4;SCHULZ;PN;3500;3580
20070719;SHUL4;SCHULZ;PN;3600;3600
20070720;SHUL4;SCHULZ;PN;3610;3537
20070723;SHUL4;SCHULZ;PN;3650;3699
20070724;SHUL4;SCHULZ;PN;3650;3480
20070725;SHUL4;SCHULZ;PN;3600;3598
20070726;SHUL4;SCHULZ;PN;3590;3598
20070727;SHUL4;SCHULZ;PN;3597;3500
20070730;SHUL4;SCHULZ;PN;3500;3600
20070731;SHUL4;SCHULZ;PN;3600;3590
20070801;SHUL4;SCHULZ;PN;3590;3550
20070802;SHUL4;SCHULZ;PN;3550;3549
20070803;SHUL4;SCHULZ;PN;3549;3510
20070806;SHUL4;SCHULZ;PN;3450;3450
20070807;SHUL4;SCHULZ;PN;3525;3530
20070808;SHUL4;SCHULZ;PN;3550;3558
20070809;SHUL4;SCHULZ;PN;3560;3600
20070810;SHUL4;SCHULZ;PN;3600;3540
20070813;SHUL4;SCHULZ;PN;3500;3500
20070814;SHUL4;SCHULZ;PN;3600;3599
20070815;SHUL4;SCHULZ;PN;3470;3590
20070816;SHUL4;SCHULZ;PN;3500;3400
20070817;SHUL4;SCHULZ;PN;3500;3200
20070820;SHUL4;SCHULZ;PN;3400;3350
20070821;SHUL4;SCHULZ;PN;3399;3379
20070822;SHUL4;SCHULZ;PN;3400;3400
20070823;SHUL4;SCHULZ;PN;3399;3400
20070824;SHUL4;SCHULZ;PN;3400;3380
20070827;SHUL4;SCHULZ;PN;3380;3264
20070828;SHUL4;SCHULZ;PN;3497;3351
20070829;SHUL4;SCHULZ;PN;3310;3600
20070830;SHUL4;SCHULZ;PN;3600;3699
20070831;SHUL4;SCHULZ;PN;3699;3750
20070903;SHUL4;SCHULZ;PN;3810;3800
20070904;SHUL4;SCHULZ;PN;3750;3750
20070905;SHUL4;SCHULZ;PN;3490;3700
20070906;SHUL4;SCHULZ;PN;3699;3699
20070910;SHUL4;SCHULZ;PN;3600;3680
20070911;SHUL4;SCHULZ;PN;3670;3620
20070912;SHUL4;SCHULZ;PN;3640;3649
20070913;SHUL4;SCHULZ;PN;3650;3650
20070914;SHUL4;SCHULZ;PN;3650;3650
20070917;SHUL4;SCHULZ;PN;3650;3640
20070918;SHUL4;SCHULZ;PN;3630;3750
20070919;SHUL4;SCHULZ;PN;4000;3750
20070921;SHUL4;SCHULZ;PN;3699;3700
20070924;SHUL4;SCHULZ;PN;3750;3750
20070925;SHUL4;SCHULZ;PN;3670;3749
20070926;SHUL4;SCHULZ;PN;3750;3750
20070927;SHUL4;SCHULZ;PN;3750;3740
20071001;SHUL4;SCHULZ;PN;3500;3740
20071002;SHUL4;SCHULZ;PN;3740;3740
20071004;SHUL4;SCHULZ;PN;3738;3738
20071005;SHUL4;SCHULZ;PN;3738;3738
20071008;SHUL4;SCHULZ;PN;3560;3699
20071009;SHUL4;SCHULZ;PN;3650;3720
20071011;SHUL4;SCHULZ;PN;3650;3550
20071015;SHUL4;SCHULZ;PN;3620;3550
20071016;SHUL4;SCHULZ;PN;3600;3599
20071017;SHUL4;SCHULZ;PN;3600;3600
20071018;SHUL4;SCHULZ;PN;3590;3598
20071019;SHUL4;SCHULZ;PN;3590;3588
20071022;SHUL4;SCHULZ;PN;3620;3599
20071023;SHUL4;SCHULZ;PN;3620;3690
20071024;SHUL4;SCHULZ;PN;3695;3680
20071026;SHUL4;SCHULZ;PN;3660;3699
20071029;SHUL4;SCHULZ;PN;3699;3699
20071030;SHUL4;SCHULZ;PN;3699;3697
20071031;SHUL4;SCHULZ;PN;3697;3697
20071101;SHUL4;SCHULZ;PN;3690;3696
20071105;SHUL4;SCHULZ;PN;3680;3697
20071106;SHUL4;SCHULZ;PN;3698;3745
20071107;SHUL4;SCHULZ;PN;3740;3740
20071112;SHUL4;SCHULZ;PN;3748;3748
20071113;SHUL4;SCHULZ;PN;3699;3700
20071114;SHUL4;SCHULZ;PN;3700;3700
20071116;SHUL4;SCHULZ;PN;3700;3739
20071119;SHUL4;SCHULZ;PN;3700;3700
20071121;SHUL4;SCHULZ;PN;3550;3738
20071122;SHUL4;SCHULZ;PN;3700;3700
20071126;SHUL4;SCHULZ;PN;3699;3700
20071127;SHUL4;SCHULZ;PN;3694;3600
20071128;SHUL4;SCHULZ;PN;3699;3600
20071129;SHUL4;SCHULZ;PN;3700;3695
20071130;SHUL4;SCHULZ;PN;3700;3689
20071203;SHUL4;SCHULZ;PN;3698;3900
20071204;SHUL4;SCHULZ;PN;3800;3915
20071205;SHUL4;SCHULZ;PN;3949;3945
20071207;SHUL4;SCHULZ;PN;3940;3940
20071210;SHUL4;SCHULZ;PN;3600;3942
20071211;SHUL4;SCHULZ;PN;3940;3940
20071212;SHUL4;SCHULZ;PN;3939;3942
20071213;SHUL4;SCHULZ;PN;3940;3942
20071214;SHUL4;SCHULZ;PN;3942;3942
20071217;SHUL4;SCHULZ;PN;3939;3930
20071219;SHUL4;SCHULZ;PN;3915;3919
20071220;SHUL4;SCHULZ;PN;3918;3919
20071227;SHUL4;SCHULZ;PN;3908;3900
20071228;SHUL4;SCHULZ;PN;3905;3899
20080102;SHUL4;SCHULZ;PN  EJ;3850;4000
20080103;SHUL4;SCHULZ;PN  EJ;3939;4190
20080104;SHUL4;SCHULZ;PN  EJ;4200;4200
20080107;SHUL4;SCHULZ;PN  EJ;3950;4095
20080108;SHUL4;SCHULZ;PN  EJ;4099;4099
20080109;SHUL4;SCHULZ;PN  EJ;4148;4148
20080110;SHUL4;SCHULZ;PN  EJ;4099;4099
20080115;SHUL4;SCHULZ;PN;3900;4015
20080116;SHUL4;SCHULZ;PN;4088;3900
20080117;SHUL4;SCHULZ;PN;4090;4050
20080118;SHUL4;SCHULZ;PN;4019;4019
20080121;SHUL4;SCHULZ;PN;4000;4000
20080122;SHUL4;SCHULZ;PN;4090;4000
20080123;SHUL4;SCHULZ;PN;4000;3999
20080124;SHUL4;SCHULZ;PN;3999;4100
20080129;SHUL4;SCHULZ;PN;3979;3979
20080130;SHUL4;SCHULZ;PN;3950;3979
20080131;SHUL4;SCHULZ;PN;3980;3979
20080201;SHUL4;SCHULZ;PN;3979;3970
20080206;SHUL4;SCHULZ;PN;3968;3968
20080208;SHUL4;SCHULZ;PN;3948;3949
20080211;SHUL4;SCHULZ;PN;3929;3929
20080212;SHUL4;SCHULZ;PN;3934;3934
20080213;SHUL4;SCHULZ;PN;3897;3897
20080218;SHUL4;SCHULZ;PN;3898;3899
20080219;SHUL4;SCHULZ;PN;3899;3890
20080220;SHUL4;SCHULZ;PN;3900;3900
20080221;SHUL4;SCHULZ;PN;3900;3900
20080222;SHUL4;SCHULZ;PN;3900;3900
20080225;SHUL4;SCHULZ;PN;3897;3898
20080226;SHUL4;SCHULZ;PN;3900;3900
20080227;SHUL4;SCHULZ;PN;3900;3940
20080228;SHUL4;SCHULZ;PN;3940;3930
20080229;SHUL4;SCHULZ;PN;3940;3940
20080303;SHUL4;SCHULZ;PN;3940;3940
20080306;SHUL4;SCHULZ;PN;3850;3935
20080307;SHUL4;SCHULZ;PN;3935;3935
20080312;SHUL4;SCHULZ;PN;3920;3940
20080313;SHUL4;SCHULZ;PN;3919;3919
20080314;SHUL4;SCHULZ;PN;3920;3920
20080317;SHUL4;SCHULZ;PN;3940;3935
20080318;SHUL4;SCHULZ;PN;3935;3935
20080320;SHUL4;SCHULZ;PN;3785;3900
20080324;SHUL4;SCHULZ;PN;3890;3890
20080325;SHUL4;SCHULZ;PN;3900;3900
20080326;SHUL4;SCHULZ;PN;3930;3933
20080401;SHUL4;SCHULZ;PN;3934;3934
20080403;SHUL4;SCHULZ;PN;3924;3910
20080404;SHUL4;SCHULZ;PN;3910;3915
20080407;SHUL4;SCHULZ;PN;3915;3915
20080409;SHUL4;SCHULZ;PN;3904;3702
20080410;SHUL4;SCHULZ;PN;3879;3786
20080411;SHUL4;SCHULZ;PN;3870;3422
20080414;SHUL4;SCHULZ;PN  EDB;2820;2415
20080415;SHUL4;SCHULZ;PN  EDB;2261;2630
20080416;SHUL4;SCHULZ;PN  EDB;2631;2670
20080417;SHUL4;SCHULZ;PN  EDB;2521;2590
20080418;SHUL4;SCHULZ;PN  EDB;2700;2850
20080422;SHUL4;SCHULZ;PN  EDB;3039;2810
20080423;SHUL4;SCHULZ;PN  EDB;3000;2850
20080424;SHUL4;SCHULZ;PN  EDB;3050;2900
20080425;SHUL4;SCHULZ;PN;3030;2945
20080428;SHUL4;SCHULZ;PN;3085;2900
20080429;SHUL4;SCHULZ;PN;2801;2970
20080430;SHUL4;SCHULZ;PN;3049;3050
20080502;SHUL4;SCHULZ;PN;3070;3000
20080505;SHUL4;SCHULZ;PN;3000;3044
20080506;SHUL4;SCHULZ;PN;3039;3039
20080507;SHUL4;SCHULZ;PN;3000;2980
20080508;SHUL4;SCHULZ;PN;2980;3000
20080509;SHUL4;SCHULZ;PN;2905;2995
20080512;SHUL4;SCHULZ;PN;2900;2985
20080513;SHUL4;SCHULZ;PN;2920;2890
20080514;SHUL4;SCHULZ;PN;2911;2900
20080515;SHUL4;SCHULZ;PN;2899;2900
20080516;SHUL4;SCHULZ;PN;2985;2955
20080519;SHUL4;SCHULZ;PN;2985;2985
20080520;SHUL4;SCHULZ;PN;2974;2974
20080521;SHUL4;SCHULZ;PN;2985;2970
20080523;SHUL4;SCHULZ;PN;2985;2980
20080526;SHUL4;SCHULZ;PN;2900;2935
20080527;SHUL4;SCHULZ;PN;2935;2970
20080528;SHUL4;SCHULZ;PN;2950;2940
20080529;SHUL4;SCHULZ;PN;2939;2948
20080530;SHUL4;SCHULZ;PN;2945;2945
20080602;SHUL4;SCHULZ;PN;2939;2900
20080603;SHUL4;SCHULZ;PN;2890;2869
20080604;SHUL4;SCHULZ;PN;2870;2865
20080605;SHUL4;SCHULZ;PN;2855;2855
20080606;SHUL4;SCHULZ;PN;2829;2980
20080609;SHUL4;SCHULZ;PN;2980;2988
20080610;SHUL4;SCHULZ;PN;2980;2980
20080611;SHUL4;SCHULZ;PN;2980;2899
20080612;SHUL4;SCHULZ;PN;2870;2810
20080613;SHUL4;SCHULZ;PN;2893;2880
20080616;SHUL4;SCHULZ;PN;2970;2900
20080617;SHUL4;SCHULZ;PN;2800;2860
20080618;SHUL4;SCHULZ;PN;2782;2789
20080619;SHUL4;SCHULZ;PN;2860;2799
20080620;SHUL4;SCHULZ;PN;2840;2750
20080623;SHUL4;SCHULZ;PN;2830;2660
20080624;SHUL4;SCHULZ;PN;2700;2790
20080625;SHUL4;SCHULZ;PN;2873;2650
20080626;SHUL4;SCHULZ;PN;2650;2695
20080627;SHUL4;SCHULZ;PN;2650;2599
20080630;SHUL4;SCHULZ;PN;2700;2650
20080701;SHUL4;SCHULZ;PN;2650;2790
20080702;SHUL4;SCHULZ;PN;2599;2649
20080703;SHUL4;SCHULZ;PN;2665;2680
20080704;SHUL4;SCHULZ;PN;2601;2700
20080707;SHUL4;SCHULZ;PN;2700;2780
20080708;SHUL4;SCHULZ;PN;2650;2700
20080710;SHUL4;SCHULZ;PN;2700;2700
20080711;SHUL4;SCHULZ;PN;2642;2645
20080714;SHUL4;SCHULZ;PN;2600;2585
20080715;SHUL4;SCHULZ;PN;2560;2350
20080716;SHUL4;SCHULZ;PN;2500;2475
20080717;SHUL4;SCHULZ;PN;2590;2450
20080718;SHUL4;SCHULZ;PN;2372;2480
20080721;SHUL4;SCHULZ;PN;2479;2479
20080722;SHUL4;SCHULZ;PN;2380;2440
20080723;SHUL4;SCHULZ;PN;2400;2420
20080724;SHUL4;SCHULZ;PN;2399;2220
20080725;SHUL4;SCHULZ;PN;2250;2200
20080728;SHUL4;SCHULZ;PN;2210;2225
20080729;SHUL4;SCHULZ;PN;2270;2260
20080730;SHUL4;SCHULZ;PN;2320;2300
20080731;SHUL4;SCHULZ;PN;2340;2390
20080801;SHUL4;SCHULZ;PN;2450;2399
20080804;SHUL4;SCHULZ;PN;2480;2475
20080805;SHUL4;SCHULZ;PN;2460;2450
20080806;SHUL4;SCHULZ;PN;2499;2465
20080807;SHUL4;SCHULZ;PN;2465;2490
20080808;SHUL4;SCHULZ;PN;2460;2450
20080811;SHUL4;SCHULZ;PN;2465;2450
20080812;SHUL4;SCHULZ;PN;2450;2539
20080813;SHUL4;SCHULZ;PN;2450;2490
20080814;SHUL4;SCHULZ;PN;2450;2430
20080815;SHUL4;SCHULZ;PN;2450;2490
20080818;SHUL4;SCHULZ;PN;2480;2498
20080819;SHUL4;SCHULZ;PN;2420;2510
20080820;SHUL4;SCHULZ;PN;2510;2510
20080821;SHUL4;SCHULZ;PN;2550;2630
20080822;SHUL4;SCHULZ;PN;2610;2625
20080825;SHUL4;SCHULZ;PN;2580;2625
20080826;SHUL4;SCHULZ;PN;2591;2610
20080827;SHUL4;SCHULZ;PN;2620;2650
20080828;SHUL4;SCHULZ;PN;2600;2620
20080829;SHUL4;SCHULZ;PN;2620;2650
20080901;SHUL4;SCHULZ;PN;2600;2640
20080902;SHUL4;SCHULZ;PN;2600;2600
20080904;SHUL4;SCHULZ;PN;2566;2599
20080905;SHUL4;SCHULZ;PN;2550;2475
20080908;SHUL4;SCHULZ;PN;2500;2480
20080909;SHUL4;SCHULZ;PN;2500;2450
20080910;SHUL4;SCHULZ;PN;2498;2400
20080911;SHUL4;SCHULZ;PN;2429;2400
20080912;SHUL4;SCHULZ;PN;2445;2499
20080915;SHUL4;SCHULZ;PN;2401;2340
20080916;SHUL4;SCHULZ;PN;2348;2345
20080917;SHUL4;SCHULZ;PN;2300;2300
20080918;SHUL4;SCHULZ;PN;2345;2215
20080919;SHUL4;SCHULZ;PN;2345;2300
20080922;SHUL4;SCHULZ;PN;2400;2419
20080923;SHUL4;SCHULZ;PN;2439;2429
20080924;SHUL4;SCHULZ;PN;2428;2410
20080925;SHUL4;SCHULZ;PN;2399;2400
20080929;SHUL4;SCHULZ;PN;2250;2298
20081001;SHUL4;SCHULZ;PN;2355;2390
20081002;SHUL4;SCHULZ;PN;2210;2200
20081003;SHUL4;SCHULZ;PN;2290;2190
20081006;SHUL4;SCHULZ;PN;2100;2339
20081007;SHUL4;SCHULZ;PN;2349;2349
20081008;SHUL4;SCHULZ;PN;2339;2349
20081010;SHUL4;SCHULZ;PN;2330;2319
20081013;SHUL4;SCHULZ;PN;2350;2350
20081016;SHUL4;SCHULZ;PN;2330;2330
20081017;SHUL4;SCHULZ;PN;2295;2295
20081020;SHUL4;SCHULZ;PN;2330;2330
20081022;SHUL4;SCHULZ;PN;2299;2299
20081105;SHUL4;SCHULZ;PN;2199;2268
20081107;SHUL4;SCHULZ;PN;2080;2240
20081113;SHUL4;SCHULZ;PN;2030;2173
20081114;SHUL4;SCHULZ;PN;2199;2199
20081121;SHUL4;SCHULZ;PN;2219;2200
20081124;SHUL4;SCHULZ;PN;2219;2089
20081125;SHUL4;SCHULZ;PN;2000;2049
20081126;SHUL4;SCHULZ;PN;2000;2039
20081127;SHUL4;SCHULZ;PN;2000;2000
20081128;SHUL4;SCHULZ;PN;1810;1969
20081201;SHUL4;SCHULZ;PN;1999;1999
20081204;SHUL4;SCHULZ;PN;1810;1899
20081205;SHUL4;SCHULZ;PN;1810;1897
20081208;SHUL4;SCHULZ;PN;1805;1859
20081209;SHUL4;SCHULZ;PN;1889;1900
20081210;SHUL4;SCHULZ;PN;1900;1749
20081211;SHUL4;SCHULZ;PN;1780;1780
20081215;SHUL4;SCHULZ;PN;1900;1900
20081223;SHUL4;SCHULZ;PN;1701;1749
20081226;SHUL4;SCHULZ;PN;1890;1801
20081229;SHUL4;SCHULZ;PN;1753;1699
20081230;SHUL4;SCHULZ;PN;1840;1699
20090102;SHUL4;SCHULZ;PN;1700;1700
20090105;SHUL4;SCHULZ;PN;1730;1730
20090106;SHUL4;SCHULZ;PN;1601;1735
20090113;SHUL4;SCHULZ;PN;1898;1898
20090115;SHUL4;SCHULZ;PN;1830;1830
20090121;SHUL4;SCHULZ;PN;1749;1749
20090128;SHUL4;SCHULZ;PN;1748;1748
20090206;SHUL4;SCHULZ;PN;1718;1718
20090209;SHUL4;SCHULZ;PN;1620;1700
20090210;SHUL4;SCHULZ;PN;1710;1710
20090213;SHUL4;SCHULZ;PN;1610;1667
20090216;SHUL4;SCHULZ;PN;1667;1667
20090217;SHUL4;SCHULZ;PN;1700;1700
20090218;SHUL4;SCHULZ;PN;1683;1640
20090219;SHUL4;SCHULZ;PN;1680;1599
20090220;SHUL4;SCHULZ;PN;1560;1497
20090225;SHUL4;SCHULZ;PN;1495;1499
20090227;SHUL4;SCHULZ;PN;1356;1400
20090302;SHUL4;SCHULZ;PN;1449;1464
20090303;SHUL4;SCHULZ;PN;1464;1454
20090304;SHUL4;SCHULZ;PN;1475;1448
20090305;SHUL4;SCHULZ;PN;1469;1395
20090306;SHUL4;SCHULZ;PN;1351;1350
20090309;SHUL4;SCHULZ;PN;1350;1298
20090310;SHUL4;SCHULZ;PN;1340;1300
20090311;SHUL4;SCHULZ;PN;1251;1247
20090312;SHUL4;SCHULZ;PN;1210;1240
20090313;SHUL4;SCHULZ;PN;1239;1265
20090316;SHUL4;SCHULZ;PN;1280;1221
20090317;SHUL4;SCHULZ;PN;1249;1200
20090318;SHUL4;SCHULZ;PN;1200;1190
20090319;SHUL4;SCHULZ;PN;1186;1101
20090320;SHUL4;SCHULZ;PN;1150;1150
20090323;SHUL4;SCHULZ;PN;1179;1159
20090324;SHUL4;SCHULZ;PN;1180;1140
20090325;SHUL4;SCHULZ;PN;1175;1140
20090326;SHUL4;SCHULZ;PN;1250;1140
20090327;SHUL4;SCHULZ;PN;1170;1150
20090330;SHUL4;SCHULZ;PN;1149;1140
20090331;SHUL4;SCHULZ;PN;1135;1130
20090401;SHUL4;SCHULZ;PN;1061;1085
20090402;SHUL4;SCHULZ;PN;1150;1140
20090403;SHUL4;SCHULZ;PN;1160;1180
20090406;SHUL4;SCHULZ;PN;1199;1140
20090407;SHUL4;SCHULZ;PN;1170;1179
20090408;SHUL4;SCHULZ;PN;1199;1200
20090409;SHUL4;SCHULZ;PN;1210;1240
20090413;SHUL4;SCHULZ;PN;1270;1270
20090414;SHUL4;SCHULZ;PN;1255;1268
20090415;SHUL4;SCHULZ;PN;1280;1270
20090416;SHUL4;SCHULZ;PN;1280;1280
20090422;SHUL4;SCHULZ;PN;1250;1250
20090423;SHUL4;SCHULZ;PN;1270;1270
20090424;SHUL4;SCHULZ;PN;1280;1280
20090427;SHUL4;SCHULZ;PN;1279;1280
20090429;SHUL4;SCHULZ;PN;1275;1275
20090430;SHUL4;SCHULZ;PN;1280;1294
20090504;SHUL4;SCHULZ;PN;1350;1330
20090505;SHUL4;SCHULZ;PN;1330;1330
20090506;SHUL4;SCHULZ;PN;1301;1329
20090507;SHUL4;SCHULZ;PN;1340;1300
20090508;SHUL4;SCHULZ;PN;1290;1319
20090511;SHUL4;SCHULZ;PN;1290;1289
20090512;SHUL4;SCHULZ;PN;1308;1308
20090513;SHUL4;SCHULZ;PN;1299;1290
20090514;SHUL4;SCHULZ;PN;1297;1195
20090515;SHUL4;SCHULZ;PN;1300;1293
20090518;SHUL4;SCHULZ;PN;1299;1260
20090519;SHUL4;SCHULZ;PN;1287;1284
20090520;SHUL4;SCHULZ;PN;1285;1300
20090521;SHUL4;SCHULZ;PN;1305;1305
20090525;SHUL4;SCHULZ;PN;1295;1300
20090526;SHUL4;SCHULZ;PN;1300;1300
20090527;SHUL4;SCHULZ;PN;1300;1330
20090528;SHUL4;SCHULZ;PN;1329;1329
20090529;SHUL4;SCHULZ;PN;1320;1300
20090601;SHUL4;SCHULZ;PN;1319;1300
20090602;SHUL4;SCHULZ;PN;1300;1299
20090603;SHUL4;SCHULZ;PN;1300;1300
20090604;SHUL4;SCHULZ;PN;1300;1349
20090605;SHUL4;SCHULZ;PN;1330;1330
20090608;SHUL4;SCHULZ;PN;1319;1310
20090609;SHUL4;SCHULZ;PN;1290;1289
20090610;SHUL4;SCHULZ;PN;1288;1289
20090612;SHUL4;SCHULZ;PN;1276;1289
20090615;SHUL4;SCHULZ;PN;1270;1264
20090616;SHUL4;SCHULZ;PN;1269;1280
20090617;SHUL4;SCHULZ;PN;1240;1239
20090618;SHUL4;SCHULZ;PN;1239;1200
20090619;SHUL4;SCHULZ;PN;1257;1220
20090622;SHUL4;SCHULZ;PN;1269;1275
20090623;SHUL4;SCHULZ;PN;1289;1289
20090626;SHUL4;SCHULZ;PN;1289;1289
20090630;SHUL4;SCHULZ;PN;1285;1250
20090701;SHUL4;SCHULZ;PN;1250;1289
20090703;SHUL4;SCHULZ;PN;1290;1290
20090710;SHUL4;SCHULZ;PN;1269;1290
20090713;SHUL4;SCHULZ;PN;1261;1367
20090714;SHUL4;SCHULZ;PN;1380;1380
20090715;SHUL4;SCHULZ;PN;1380;1399
20090716;SHUL4;SCHULZ;PN;1320;1399
20090717;SHUL4;SCHULZ;PN;1370;1370
20090720;SHUL4;SCHULZ;PN;1390;1390
20090721;SHUL4;SCHULZ;PN;1390;1399
20090722;SHUL4;SCHULZ;PN;1390;1395
20090723;SHUL4;SCHULZ;PN;1341;1360
20090724;SHUL4;SCHULZ;PN;1395;1350
20090727;SHUL4;SCHULZ;PN;1375;1369
20090728;SHUL4;SCHULZ;PN;1360;1350
20090729;SHUL4;SCHULZ;PN;1335;1335
20090730;SHUL4;SCHULZ;PN;1365;1365
20090731;SHUL4;SCHULZ;PN;1350;1360
20090803;SHUL4;SCHULZ;PN;1390;1400
20090804;SHUL4;SCHULZ;PN;1387;1490
20090805;SHUL4;SCHULZ;PN;1500;1598
20090806;SHUL4;SCHULZ;PN;1600;1660
20090807;SHUL4;SCHULZ;PN;1670;1690
20090810;SHUL4;SCHULZ;PN;1690;1690
20090812;SHUL4;SCHULZ;PN;1680;1720
20090813;SHUL4;SCHULZ;PN;1633;1700
20090814;SHUL4;SCHULZ;PN;1710;1600
20090817;SHUL4;SCHULZ;PN;1689;1550
20090818;SHUL4;SCHULZ;PN;1670;1630
20090819;SHUL4;SCHULZ;PN;1660;1660
20090820;SHUL4;SCHULZ;PN;1649;1649
20090821;SHUL4;SCHULZ;PN;1650;1648
20090824;SHUL4;SCHULZ;PN;1649;1650
20090825;SHUL4;SCHULZ;PN;1625;1650
20090826;SHUL4;SCHULZ;PN;1649;1649
20090827;SHUL4;SCHULZ;PN;1655;1648
20090828;SHUL4;SCHULZ;PN;1650;1650
20090831;SHUL4;SCHULZ;PN;1660;1660
20090901;SHUL4;SCHULZ;PN;1645;1660
20090902;SHUL4;SCHULZ;PN;1659;1649
20090903;SHUL4;SCHULZ;PN;1659;1660
20090904;SHUL4;SCHULZ;PN;1645;1660
20090908;SHUL4;SCHULZ;PN;1648;1654
20090910;SHUL4;SCHULZ;PN;1650;1650
20090911;SHUL4;SCHULZ;PN;1640;1659
20090914;SHUL4;SCHULZ;PN;1659;1659
20090915;SHUL4;SCHULZ;PN;1650;1654
20090917;SHUL4;SCHULZ;PN;1650;1700
20090918;SHUL4;SCHULZ;PN;1798;1700
20090921;SHUL4;SCHULZ;PN;1750;1690
20090922;SHUL4;SCHULZ;PN;1689;1690
20090923;SHUL4;SCHULZ;PN;1690;1710
20090924;SHUL4;SCHULZ;PN;1750;1740
20090925;SHUL4;SCHULZ;PN;1740;1740
20090928;SHUL4;SCHULZ;PN;1798;1780
20090930;SHUL4;SCHULZ;PN;1790;1780
20091001;SHUL4;SCHULZ;PN;1795;1798
20091002;SHUL4;SCHULZ;PN;1790;1790
20091005;SHUL4;SCHULZ;PN;1780;1780
20091007;SHUL4;SCHULZ;PN;1779;1779
20091008;SHUL4;SCHULZ;PN;1789;1780
20091009;SHUL4;SCHULZ;PN;1780;1780
20091013;SHUL4;SCHULZ;PN;1736;1785
20091014;SHUL4;SCHULZ;PN;1789;1789
20091016;SHUL4;SCHULZ;PN;1785;1900
20091019;SHUL4;SCHULZ;PN;1900;1900
20091020;SHUL4;SCHULZ;PN;1950;1950
20091021;SHUL4;SCHULZ;PN;2000;2000
20091022;SHUL4;SCHULZ;PN;1900;1970
20091023;SHUL4;SCHULZ;PN;2000;2000
20091027;SHUL4;SCHULZ;PN;1999;1988
20091028;SHUL4;SCHULZ;PN;2000;1999
20091029;SHUL4;SCHULZ;PN;2050;2050
20091030;SHUL4;SCHULZ;PN;1901;2049
20091103;SHUL4;SCHULZ;PN  EJ;2049;2050
20091104;SHUL4;SCHULZ;PN  EJ;2050;2251
20091105;SHUL4;SCHULZ;PN  EJ;2340;2300
20091106;SHUL4;SCHULZ;PN  EJ;2300;2339
20091109;SHUL4;SCHULZ;PN  EJ;2330;2415
20091110;SHUL4;SCHULZ;PN  EJ;2400;2430
20091111;SHUL4;SCHULZ;PN  EJ;2450;2450
20091112;SHUL4;SCHULZ;PN  EJ;2400;2450
20091113;SHUL4;SCHULZ;PN;2489;2525
20091116;SHUL4;SCHULZ;PN;2540;2540
20091118;SHUL4;SCHULZ;PN;2579;2579
20091123;SHUL4;SCHULZ;PN;2599;2599
20091125;SHUL4;SCHULZ;PN;2568;2599
20091126;SHUL4;SCHULZ;PN;2600;2600
20091127;SHUL4;SCHULZ;PN;2590;2590
20091130;SHUL4;SCHULZ;PN;2569;2600
20091201;SHUL4;SCHULZ;PN;2550;2580
20091202;SHUL4;SCHULZ;PN;2600;2600
20091204;SHUL4;SCHULZ;PN;2560;2579
20091207;SHUL4;SCHULZ;PN;2580;2580
20091208;SHUL4;SCHULZ;PN;2590;2590
20091209;SHUL4;SCHULZ;PN;2560;2559
20091210;SHUL4;SCHULZ;PN;2580;2580
20091211;SHUL4;SCHULZ;PN;2540;2579
20091214;SHUL4;SCHULZ;PN;2579;2580
20091216;SHUL4;SCHULZ;PN;2580;2580
20091218;SHUL4;SCHULZ;PN;2580;2592
20091221;SHUL4;SCHULZ;PN;2600;2620
20091222;SHUL4;SCHULZ;PN;2620;2660
20091223;SHUL4;SCHULZ;PN;2670;2680
20091228;SHUL4;SCHULZ;PN;2670;2679
20091229;SHUL4;SCHULZ;PN;2678;2700
20091230;SHUL4;SCHULZ;PN;2600;2590
20100104;SHUL4;SCHULZ;PN;2690;2680
20100105;SHUL4;SCHULZ;PN;2695;2700
20100106;SHUL4;SCHULZ;PN;2725;2750
20100107;SHUL4;SCHULZ;PN;2799;2785
20100108;SHUL4;SCHULZ;PN;2790;2790
20100112;SHUL4;SCHULZ;PN;2793;2793
20100113;SHUL4;SCHULZ;PN;2720;2750
20100114;SHUL4;SCHULZ;PN;2795;2769
20100115;SHUL4;SCHULZ;PN;2790;2785
20100118;SHUL4;SCHULZ;PN;2789;2789
20100119;SHUL4;SCHULZ;PN;2785;2799
20100120;SHUL4;SCHULZ;PN;2750;2790
20100121;SHUL4;SCHULZ;PN;2790;2790
20100122;SHUL4;SCHULZ;PN;2779;2780
20100126;SHUL4;SCHULZ;PN;2780;2800
20100127;SHUL4;SCHULZ;PN;2840;2800
20100128;SHUL4;SCHULZ;PN;2840;2872
20100129;SHUL4;SCHULZ;PN;2900;2900
20100201;SHUL4;SCHULZ;PN;2900;2930
20100202;SHUL4;SCHULZ;PN;2900;2900
20100203;SHUL4;SCHULZ;PN;2900;2899
20100204;SHUL4;SCHULZ;PN;2950;2950
20100205;SHUL4;SCHULZ;PN;3000;2985
20100208;SHUL4;SCHULZ;PN;2985;2985
20100209;SHUL4;SCHULZ;PN;2995;2995
20100211;SHUL4;SCHULZ;PN;3000;2995
20100212;SHUL4;SCHULZ;PN;2950;2995
20100217;SHUL4;SCHULZ;PN;2860;3050
20100218;SHUL4;SCHULZ;PN;3050;3100
20100219;SHUL4;SCHULZ;PN;3125;3125
20100222;SHUL4;SCHULZ;PN;3150;3098
20100223;SHUL4;SCHULZ;PN;3100;3130
20100224;SHUL4;SCHULZ;PN;3129;3150
20100225;SHUL4;SCHULZ;PN;3175;3200
20100226;SHUL4;SCHULZ;PN;3200;3300
20100302;SHUL4;SCHULZ;PN;3155;3300
20100303;SHUL4;SCHULZ;PN;3250;3299
20100304;SHUL4;SCHULZ;PN;3100;3230
20100305;SHUL4;SCHULZ;PN;3100;3199
20100308;SHUL4;SCHULZ;PN;3270;3270
20100309;SHUL4;SCHULZ;PN;3270;3270
20100310;SHUL4;SCHULZ;PN;3270;3290
20100311;SHUL4;SCHULZ;PN;3300;3250
20100315;SHUL4;SCHULZ;PN;3230;3200
20100316;SHUL4;SCHULZ;PN;3245;3245
20100323;SHUL4;SCHULZ;PN;3200;3200
20100324;SHUL4;SCHULZ;PN;3250;3250
20100325;SHUL4;SCHULZ;PN;3250;3250
20100329;SHUL4;SCHULZ;PN;3250;3248
20100331;SHUL4;SCHULZ;PN;3248;3248
20100401;SHUL4;SCHULZ;PN;3300;3300
20100405;SHUL4;SCHULZ;PN;3200;3290
20100406;SHUL4;SCHULZ;PN;3300;3300
20100407;SHUL4;SCHULZ;PN;3298;3298
20100408;SHUL4;SCHULZ;PN;3290;3351
20100409;SHUL4;SCHULZ;PN;3200;3240
20100412;SHUL4;SCHULZ;PN;3220;3259
20100413;SHUL4;SCHULZ;PN;3250;3259
20100414;SHUL4;SCHULZ;PN;3250;3250
20100415;SHUL4;SCHULZ;PN;3200;3260
20100416;SHUL4;SCHULZ;PN;3260;3201
20100419;SHUL4;SCHULZ;PN;3230;3225
20100420;SHUL4;SCHULZ;PN;3300;3250
20100422;SHUL4;SCHULZ;PN;3255;3255
20100427;SHUL4;SCHULZ;PN;3186;3256
20100428;SHUL4;SCHULZ;PN;3250;3250
20100429;SHUL4;SCHULZ;PN;3240;3270
20100430;SHUL4;SCHULZ;PN;3150;3230
20100503;SHUL4;SCHULZ;PN;3150;3229
20100504;SHUL4;SCHULZ;PN;3225;3250
20100505;SHUL4;SCHULZ;PN;3250;3250
20100506;SHUL4;SCHULZ;PN;3249;3239
20100507;SHUL4;SCHULZ;PN;3239;3298
20100513;SHUL4;SCHULZ;PN;3298;3298
20100517;SHUL4;SCHULZ;PN;3200;3230
20100518;SHUL4;SCHULZ;PN;3260;3100
20100519;SHUL4;SCHULZ;PN;3100;2960
20100520;SHUL4;SCHULZ;PN;2930;2999
20100521;SHUL4;SCHULZ;PN;2781;2799
20100524;SHUL4;SCHULZ;PN;2800;2750
20100525;SHUL4;SCHULZ;PN;2800;2800
20100526;SHUL4;SCHULZ;PN;2785;2800
20100527;SHUL4;SCHULZ;PN;2930;2930
20100528;SHUL4;SCHULZ;PN;2999;2930
20100531;SHUL4;SCHULZ;PN;2989;2959
20100601;SHUL4;SCHULZ;PN;2959;2959
20100602;SHUL4;SCHULZ;PN;2800;2800
20100604;SHUL4;SCHULZ;PN;2860;2785
20100607;SHUL4;SCHULZ;PN;2860;2895
20100608;SHUL4;SCHULZ;PN;2909;2900
20100609;SHUL4;SCHULZ;PN;2959;2960
20100610;SHUL4;SCHULZ;PN;2960;2960
20100611;SHUL4;SCHULZ;PN;2960;2960
20100614;SHUL4;SCHULZ;PN;3000;3049
20100615;SHUL4;SCHULZ;PN;3049;3049
20100616;SHUL4;SCHULZ;PN;3130;3110
20100617;SHUL4;SCHULZ;PN;3000;3100
20100618;SHUL4;SCHULZ;PN;3100;3000
20100621;SHUL4;SCHULZ;PN;3100;3100
20100622;SHUL4;SCHULZ;PN;3110;3140
20100623;SHUL4;SCHULZ;PN;3200;3180
20100624;SHUL4;SCHULZ;PN;3200;3220
20100625;SHUL4;SCHULZ;PN;3250;3255
20100629;SHUL4;SCHULZ;PN;3255;3235
20100630;SHUL4;SCHULZ;PN;3297;3280
20100701;SHUL4;SCHULZ;PN;3300;3300
20100702;SHUL4;SCHULZ;PN;3300;3300
20100706;SHUL4;SCHULZ;PN;3270;3270
20100707;SHUL4;SCHULZ;PN;3249;3249
20100716;SHUL4;SCHULZ;PN;3238;3250
20100720;SHUL4;SCHULZ;PN;3300;3300
20100721;SHUL4;SCHULZ;PN;3250;3290
20100722;SHUL4;SCHULZ;PN;3200;3228
20100723;SHUL4;SCHULZ;PN;3248;3300
20100726;SHUL4;SCHULZ;PN;3226;3279
20100729;SHUL4;SCHULZ;PN;3279;3279
20100730;SHUL4;SCHULZ;PN;3279;3290
20100802;SHUL4;SCHULZ;PN;3279;3279
20100803;SHUL4;SCHULZ;PN;3280;3280
20100826;SHUL4;SCHULZ;PN;3230;3190
20100827;SHUL4;SCHULZ;PN;3100;3220
20100831;SHUL4;SCHULZ;PN;3150;3200
20100901;SHUL4;SCHULZ;PN;3200;3250
20100902;SHUL4;SCHULZ;PN;3250;3250
20100903;SHUL4;SCHULZ;PN;3250;3259
20100906;SHUL4;SCHULZ;PN;3250;3249
20100908;SHUL4;SCHULZ;PN;3249;3260
20100909;SHUL4;SCHULZ;PN;3254;3254
20100910;SHUL4;SCHULZ;PN;3255;3255
20100916;SHUL4;SCHULZ;PN;3150;3240
20100917;SHUL4;SCHULZ;PN;3231;3240
20100922;SHUL4;SCHULZ;PN;3160;3200
20100923;SHUL4;SCHULZ;PN;3151;3258
20100924;SHUL4;SCHULZ;PN;3250;3250
20100927;SHUL4;SCHULZ;PN;3260;3257
20100929;SHUL4;SCHULZ;PN;3170;3170
20100930;SHUL4;SCHULZ;PN;3220;3260
20101001;SHUL4;SCHULZ;PN;3300;3360
20101004;SHUL4;SCHULZ;PN;3357;3359
20101005;SHUL4;SCHULZ;PN;3379;3330
20101018;SHUL4;SCHULZ;PN;3225;3300
20101020;SHUL4;SCHULZ;PN;3279;3279
20101021;SHUL4;SCHULZ;PN;3270;3300
20101022;SHUL4;SCHULZ;PN;3210;3299
20101027;SHUL4;SCHULZ;PN;3299;3299
20101028;SHUL4;SCHULZ;PN;3200;3290
20101029;SHUL4;SCHULZ;PN;3200;3299
20101103;SHUL4;SCHULZ;PN;3231;3202
20101104;SHUL4;SCHULZ;PN;3279;3299
20101105;SHUL4;SCHULZ;PN;3299;3400
20101108;SHUL4;SCHULZ;PN;3499;3400
20101109;SHUL4;SCHULZ;PN;3399;3399
20101110;SHUL4;SCHULZ;PN;3410;3400
20101111;SHUL4;SCHULZ;PN;3450;3450
20101112;SHUL4;SCHULZ;PN;3498;3450
20101116;SHUL4;SCHULZ;PN;3550;3590
20101117;SHUL4;SCHULZ;PN;3697;3645
20101118;SHUL4;SCHULZ;PN;3659;3650
20101119;SHUL4;SCHULZ;PN;3650;3740
20101122;SHUL4;SCHULZ;PN;3700;3800
20101123;SHUL4;SCHULZ;PN;3810;3780
20101124;SHUL4;SCHULZ;PN;3840;3799
20101125;SHUL4;SCHULZ;PN;3780;3800
20101126;SHUL4;SCHULZ;PN;3800;3800
20101130;SHUL4;SCHULZ;PN;3799;3800
20101201;SHUL4;SCHULZ;PN;3830;3828
20101202;SHUL4;SCHULZ;PN;3818;3849
20101203;SHUL4;SCHULZ;PN;780;782
20101206;SHUL4;SCHULZ;PN;785;790
20101207;SHUL4;SCHULZ;PN;791;800
20101208;SHUL4;SCHULZ;PN;803;803
20101209;SHUL4;SCHULZ;PN;814;814
20101210;SHUL4;SCHULZ;PN;814;870
20101213;SHUL4;SCHULZ;PN;830;860
20101214;SHUL4;SCHULZ;PN;860;870
20101215;SHUL4;SCHULZ;PN;840;870
20101216;SHUL4;SCHULZ;PN;872;875
20101217;SHUL4;SCHULZ;PN;831;880
20101220;SHUL4;SCHULZ;PN;845;860
20101221;SHUL4;SCHULZ;PN;860;869
20101222;SHUL4;SCHULZ;PN;879;885
20101223;SHUL4;SCHULZ;PN;880;880
20101227;SHUL4;SCHULZ;PN;885;885
20101228;SHUL4;SCHULZ;PN;866;895
20101229;SHUL4;SCHULZ;PN;895;894
20101230;SHUL4;SCHULZ;PN;889;905
20110103;SHUL4;SCHULZ;PN;900;905
20110104;SHUL4;SCHULZ;PN;900;900
20110105;SHUL4;SCHULZ;PN;900;914
20110106;SHUL4;SCHULZ;PN;900;899
20110107;SHUL4;SCHULZ;PN;908;905
20110110;SHUL4;SCHULZ;PN;905;900
20110111;SHUL4;SCHULZ;PN;900;905
20110112;SHUL4;SCHULZ;PN;900;945
20110113;SHUL4;SCHULZ;PN;950;917
20110114;SHUL4;SCHULZ;PN;918;916
20110117;SHUL4;SCHULZ;PN;918;918
20110118;SHUL4;SCHULZ;PN;915;918
20110119;SHUL4;SCHULZ;PN;918;918
20110120;SHUL4;SCHULZ;PN;917;918
20110126;SHUL4;SCHULZ;PN;901;917
20110127;SHUL4;SCHULZ;PN;918;918
20110128;SHUL4;SCHULZ;PN;918;917
20110201;SHUL4;SCHULZ;PN;882;907
20110202;SHUL4;SCHULZ;PN;908;910
20110203;SHUL4;SCHULZ;PN;871;900
20110204;SHUL4;SCHULZ;PN;900;900
20110207;SHUL4;SCHULZ;PN;852;899
20110208;SHUL4;SCHULZ;PN;899;894
20110210;SHUL4;SCHULZ;PN;889;890
20110211;SHUL4;SCHULZ;PN;876;890
20110214;SHUL4;SCHULZ;PN;890;895
20110215;SHUL4;SCHULZ;PN;852;890
20110217;SHUL4;SCHULZ;PN;861;880
20110218;SHUL4;SCHULZ;PN;885;883
20110221;SHUL4;SCHULZ;PN;893;893
20110222;SHUL4;SCHULZ;PN;885;893
20110223;SHUL4;SCHULZ;PN;884;892
20110225;SHUL4;SCHULZ;PN;875;882
20110228;SHUL4;SCHULZ;PN;860;913
20110301;SHUL4;SCHULZ;PN;910;913
20110303;SHUL4;SCHULZ;PN;895;910
20110304;SHUL4;SCHULZ;PN;900;911
20110311;SHUL4;SCHULZ;PN;900;915
20110315;SHUL4;SCHULZ;PN;876;913
20110317;SHUL4;SCHULZ;PN;913;915
20110321;SHUL4;SCHULZ;PN;910;910
20110325;SHUL4;SCHULZ;PN;910;910
20110328;SHUL4;SCHULZ;PN;900;899
20110329;SHUL4;SCHULZ;PN;900;879
20110330;SHUL4;SCHULZ;PN;885;895
20110331;SHUL4;SCHULZ;PN;895;910
20110401;SHUL4;SCHULZ;PN;914;912
20110404;SHUL4;SCHULZ;PN;910;910
20110405;SHUL4;SCHULZ;PN;895;898
20110407;SHUL4;SCHULZ;PN;880;905
20110408;SHUL4;SCHULZ;PN;909;910
20110411;SHUL4;SCHULZ;PN;900;881
20110412;SHUL4;SCHULZ;PN;900;900
20110413;SHUL4;SCHULZ;PN;871;889
20110414;SHUL4;SCHULZ;PN;870;888
20110415;SHUL4;SCHULZ;PN;889;889
20110418;SHUL4;SCHULZ;PN;870;890
20110419;SHUL4;SCHULZ;PN;898;898
20110420;SHUL4;SCHULZ;PN  ED;910;910
20110425;SHUL4;SCHULZ;PN  ED;915;914
20110427;SHUL4;SCHULZ;PN  ED;885;903
20110429;SHUL4;SCHULZ;PN  ED;880;905
20110502;SHUL4;SCHULZ;PN  ED;890;875
20110503;SHUL4;SCHULZ;PN  ED;895;865
20110504;SHUL4;SCHULZ;PN;866;870
20110505;SHUL4;SCHULZ;PN;889;870
20110506;SHUL4;SCHULZ;PN;888;878
20110509;SHUL4;SCHULZ;PN;870;851
20110510;SHUL4;SCHULZ;PN;855;854
20110511;SHUL4;SCHULZ;PN;831;828
20110512;SHUL4;SCHULZ;PN;770;800
20110513;SHUL4;SCHULZ;PN;781;785
20110516;SHUL4;SCHULZ;PN;785;799
20110518;SHUL4;SCHULZ;PN;800;800
20110519;SHUL4;SCHULZ;PN;795;790
20110523;SHUL4;SCHULZ;PN;755;788
20110524;SHUL4;SCHULZ;PN;765;765
20110525;SHUL4;SCHULZ;PN;785;775
20110526;SHUL4;SCHULZ;PN;775;780
20110527;SHUL4;SCHULZ;PN;751;746
20110530;SHUL4;SCHULZ;PN;760;774
20110531;SHUL4;SCHULZ;PN;799;750
20110601;SHUL4;SCHULZ;PN;720;741
20110602;SHUL4;SCHULZ;PN;740;740
20110603;SHUL4;SCHULZ;PN;725;725
20110606;SHUL4;SCHULZ;PN;750;735
20110607;SHUL4;SCHULZ;PN;730;733
20110608;SHUL4;SCHULZ;PN;760;750
20110609;SHUL4;SCHULZ;PN;740;740
20110610;SHUL4;SCHULZ;PN;779;740
20110613;SHUL4;SCHULZ;PN;770;774
20110614;SHUL4;SCHULZ;PN;800;789
20110615;SHUL4;SCHULZ;PN;761;755
20110616;SHUL4;SCHULZ;PN;790;784
20110620;SHUL4;SCHULZ;PN;750;784
20110621;SHUL4;SCHULZ;PN;750;750
20110622;SHUL4;SCHULZ;PN;780;750
20110624;SHUL4;SCHULZ;PN;774;774
20110627;SHUL4;SCHULZ;PN;775;780
20110628;SHUL4;SCHULZ;PN;790;800
20110629;SHUL4;SCHULZ;PN;809;797
20110630;SHUL4;SCHULZ;PN;799;830
20110701;SHUL4;SCHULZ;PN;830;845
20110704;SHUL4;SCHULZ;PN;820;830
20110705;SHUL4;SCHULZ;PN;850;870
20110706;SHUL4;SCHULZ;PN;850;900
20110707;SHUL4;SCHULZ;PN;915;920
20110708;SHUL4;SCHULZ;PN;925;919
20110711;SHUL4;SCHULZ;PN;890;919
20110712;SHUL4;SCHULZ;PN;910;904
20110713;SHUL4;SCHULZ;PN;904;904
20110714;SHUL4;SCHULZ;PN;910;900
20110715;SHUL4;SCHULZ;PN;915;899
20110720;SHUL4;SCHULZ;PN;910;910
20110721;SHUL4;SCHULZ;PN;895;889
20110725;SHUL4;SCHULZ;PN;865;889
20110726;SHUL4;SCHULZ;PN;850;874
20110729;SHUL4;SCHULZ;PN;820;879
20110801;SHUL4;SCHULZ;PN;884;884
20110802;SHUL4;SCHULZ;PN;900;845
20110803;SHUL4;SCHULZ;PN;880;850
20110804;SHUL4;SCHULZ;PN  EJ;819;845
20110805;SHUL4;SCHULZ;PN  EJ;830;844
20110808;SHUL4;SCHULZ;PN  EJ;850;850
20110809;SHUL4;SCHULZ;PN  EJ;844;875
20110810;SHUL4;SCHULZ;PN  EJ;875;880
20110811;SHUL4;SCHULZ;PN  EJ;880;880
20110812;SHUL4;SCHULZ;PN  EJ;850;880
20110815;SHUL4;SCHULZ;PN  EJ;880;875
20110816;SHUL4;SCHULZ;PN;880;880
20110819;SHUL4;SCHULZ;PN;880;880
20110822;SHUL4;SCHULZ;PN;840;830
20110823;SHUL4;SCHULZ;PN;869;840
20110824;SHUL4;SCHULZ;PN;879;855
20110825;SHUL4;SCHULZ;PN;864;864
20110830;SHUL4;SCHULZ;PN;879;879
20110831;SHUL4;SCHULZ;PN;879;880
20110901;SHUL4;SCHULZ;PN;900;900
20110905;SHUL4;SCHULZ;PN;850;869
20110906;SHUL4;SCHULZ;PN;869;869
20110908;SHUL4;SCHULZ;PN;850;830
20110909;SHUL4;SCHULZ;PN;845;850
20110912;SHUL4;SCHULZ;PN;840;840
20110913;SHUL4;SCHULZ;PN;839;840
20110914;SHUL4;SCHULZ;PN;810;838
20110916;SHUL4;SCHULZ;PN;840;880
20110919;SHUL4;SCHULZ;PN;870;870
20110921;SHUL4;SCHULZ;PN;880;880
20110922;SHUL4;SCHULZ;PN;850;880
20110927;SHUL4;SCHULZ;PN;880;880
20110928;SHUL4;SCHULZ;PN;950;870
20110929;SHUL4;SCHULZ;PN;860;870
20110930;SHUL4;SCHULZ;PN;885;885
20111003;SHUL4;SCHULZ;PN;860;849
20111004;SHUL4;SCHULZ;PN;831;835
20111005;SHUL4;SCHULZ;PN;880;840
20111006;SHUL4;SCHULZ;PN;859;850
20111007;SHUL4;SCHULZ;PN;874;874
20111010;SHUL4;SCHULZ;PN;850;840
20111011;SHUL4;SCHULZ;PN;875;885
20111013;SHUL4;SCHULZ;PN;856;869
20111014;SHUL4;SCHULZ;PN;894;880
20111017;SHUL4;SCHULZ;PN;861;870
20111018;SHUL4;SCHULZ;PN;869;885
20111019;SHUL4;SCHULZ;PN;895;860
20111020;SHUL4;SCHULZ;PN;879;879
20111021;SHUL4;SCHULZ;PN;894;930
20111024;SHUL4;SCHULZ;PN;944;935
20111025;SHUL4;SCHULZ;PN;935;950
20111026;SHUL4;SCHULZ;PN;935;950
20111027;SHUL4;SCHULZ;PN;935;950
20111028;SHUL4;SCHULZ;PN;900;915
20111031;SHUL4;SCHULZ;PN;940;930
20111101;SHUL4;SCHULZ;PN;939;920
20111103;SHUL4;SCHULZ;PN;920;939
20111104;SHUL4;SCHULZ;PN;939;950
20111107;SHUL4;SCHULZ;PN;939;925
20111108;SHUL4;SCHULZ;PN;925;910
20111109;SHUL4;SCHULZ;PN;929;935
20111110;SHUL4;SCHULZ;PN;950;950
20111114;SHUL4;SCHULZ;PN;960;954
20111116;SHUL4;SCHULZ;PN;921;939
20111117;SHUL4;SCHULZ;PN;950;924
20111118;SHUL4;SCHULZ;PN;940;940
20111122;SHUL4;SCHULZ;PN;950;892
20111123;SHUL4;SCHULZ;PN;910;915
20111124;SHUL4;SCHULZ;PN;939;940
20111125;SHUL4;SCHULZ;PN;945;895
20111128;SHUL4;SCHULZ;PN;915;905
20111129;SHUL4;SCHULZ;PN;909;904
20111130;SHUL4;SCHULZ;PN;919;901
20111201;SHUL4;SCHULZ;PN;940;850
20111202;SHUL4;SCHULZ;PN;881;830
20111205;SHUL4;SCHULZ;PN;845;845
20111206;SHUL4;SCHULZ;PN;840;840
20111207;SHUL4;SCHULZ;PN;820;800
20111208;SHUL4;SCHULZ;PN;802;814
20111209;SHUL4;SCHULZ;PN;830;780
20111212;SHUL4;SCHULZ;PN;799;799
20111213;SHUL4;SCHULZ;PN;794;800
20111214;SHUL4;SCHULZ;PN;810;850
20111215;SHUL4;SCHULZ;PN;850;849
20111216;SHUL4;SCHULZ;PN;850;850
20111220;SHUL4;SCHULZ;PN;830;856
20111221;SHUL4;SCHULZ;PN;870;835
20111222;SHUL4;SCHULZ;PN;835;845
20111223;SHUL4;SCHULZ;PN;845;899
20111226;SHUL4;SCHULZ;PN;900;900
20111227;SHUL4;SCHULZ;PN;899;899
20111228;SHUL4;SCHULZ;PN;900;900
20111229;SHUL4;SCHULZ;PN;930;1000
20120118;SHUL4;SCHULZ;PN;900;884
20120119;SHUL4;SCHULZ;PN;900;900
20120123;SHUL4;SCHULZ;PN;900;900
20120126;SHUL4;SCHULZ;PN;861;850
20120127;SHUL4;SCHULZ;PN;843;844
20120130;SHUL4;SCHULZ;PN;844;848
20120131;SHUL4;SCHULZ;PN;845;847
20120201;SHUL4;SCHULZ;PN;840;889
20120202;SHUL4;SCHULZ;PN;849;849
20120203;SHUL4;SCHULZ;PN;847;849
20120206;SHUL4;SCHULZ;PN;847;845
20120207;SHUL4;SCHULZ;PN;850;850
20120208;SHUL4;SCHULZ;PN;801;800
20120209;SHUL4;SCHULZ;PN;815;810
20120210;SHUL4;SCHULZ;PN;850;850
20120213;SHUL4;SCHULZ;PN;829;830
20120214;SHUL4;SCHULZ;PN;800;795
20120215;SHUL4;SCHULZ;PN;800;790
20120216;SHUL4;SCHULZ;PN;790;790
20120217;SHUL4;SCHULZ;PN;800;820
20120222;SHUL4;SCHULZ;PN;819;820
20120223;SHUL4;SCHULZ;PN;844;844
20120228;SHUL4;SCHULZ;PN;820;820
20120301;SHUL4;SCHULZ;PN;795;772
20120302;SHUL4;SCHULZ;PN;784;765
20120305;SHUL4;SCHULZ;PN;761;775
20120306;SHUL4;SCHULZ;PN;760;749
20120307;SHUL4;SCHULZ;PN;759;737
20120308;SHUL4;SCHULZ;PN;738;730
20120309;SHUL4;SCHULZ;PN;717;730
20120312;SHUL4;SCHULZ;PN;770;770
20120316;SHUL4;SCHULZ;PN;759;754
20120319;SHUL4;SCHULZ;PN;762;755
20120320;SHUL4;SCHULZ;PN;762;762
20120321;SHUL4;SCHULZ;PN;720;754
20120322;SHUL4;SCHULZ;PN;740;753
20120326;SHUL4;SCHULZ;PN;755;768
20120327;SHUL4;SCHULZ;PN;741;745
20120328;SHUL4;SCHULZ;PN;754;742
20120329;SHUL4;SCHULZ;PN;743;733
20120330;SHUL4;SCHULZ;PN;730;730
20120402;SHUL4;SCHULZ;PN;750;759
20120404;SHUL4;SCHULZ;PN;757;779
20120405;SHUL4;SCHULZ;PN;781;785
20120411;SHUL4;SCHULZ;PN  ED;760;779
20120412;SHUL4;SCHULZ;PN  ED;761;785
20120413;SHUL4;SCHULZ;PN  ED;765;764
20120416;SHUL4;SCHULZ;PN  ED;770;770
20120417;SHUL4;SCHULZ;PN  ED;750;745
20120418;SHUL4;SCHULZ;PN  ED;745;740
20120419;SHUL4;SCHULZ;PN  ED;740;740
20120420;SHUL4;SCHULZ;PN  ED;726;730
20120423;SHUL4;SCHULZ;PN;725;700
20120424;SHUL4;SCHULZ;PN;713;710
20120425;SHUL4;SCHULZ;PN;709;729
20120426;SHUL4;SCHULZ;PN;734;734
20120427;SHUL4;SCHULZ;PN;739;739
20120430;SHUL4;SCHULZ;PN;739;750
20120502;SHUL4;SCHULZ;PN;750;747
20120503;SHUL4;SCHULZ;PN;747;746
20120504;SHUL4;SCHULZ;PN;745;726
20120507;SHUL4;SCHULZ;PN;735;735
20120508;SHUL4;SCHULZ;PN;734;734
20120509;SHUL4;SCHULZ;PN;735;734
20120510;SHUL4;SCHULZ;PN;735;735
20120511;SHUL4;SCHULZ;PN;744;737
20120514;SHUL4;SCHULZ;PN;720;740
20120515;SHUL4;SCHULZ;PN;739;739
20120516;SHUL4;SCHULZ;PN;720;730
20120517;SHUL4;SCHULZ;PN;711;720
20120518;SHUL4;SCHULZ;PN;706;715
20120521;SHUL4;SCHULZ;PN;715;695
20120522;SHUL4;SCHULZ;PN;714;695
20120523;SHUL4;SCHULZ;PN;686;700
20120528;SHUL4;SCHULZ;PN;697;719
20120529;SHUL4;SCHULZ;PN;717;716
20120530;SHUL4;SCHULZ;PN;700;716
20120531;SHUL4;SCHULZ;PN;700;690
20120601;SHUL4;SCHULZ;PN;714;680
20120604;SHUL4;SCHULZ;PN;699;690
20120606;SHUL4;SCHULZ;PN;693;700
20120612;SHUL4;SCHULZ;PN;699;695
20120613;SHUL4;SCHULZ;PN;709;704
20120614;SHUL4;SCHULZ;PN;687;699
20120615;SHUL4;SCHULZ;PN;699;710
20120618;SHUL4;SCHULZ;PN;691;700
20120619;SHUL4;SCHULZ;PN;691;685
20120620;SHUL4;SCHULZ;PN;698;710
20120621;SHUL4;SCHULZ;PN;704;694
20120625;SHUL4;SCHULZ;PN;681;660
20120626;SHUL4;SCHULZ;PN;675;664
20120627;SHUL4;SCHULZ;PN;664;685
20120628;SHUL4;SCHULZ;PN;688;688
20120629;SHUL4;SCHULZ;PN;695;718
20120704;SHUL4;SCHULZ;PN;701;709
20120710;SHUL4;SCHULZ;PN;697;710
20120711;SHUL4;SCHULZ;PN;691;710
20120712;SHUL4;SCHULZ;PN;700;698
20120713;SHUL4;SCHULZ;PN;704;710
20120718;SHUL4;SCHULZ;PN;710;710
20120720;SHUL4;SCHULZ;PN;709;710
20120723;SHUL4;SCHULZ;PN;701;700
20120724;SHUL4;SCHULZ;PN;681;709
20120726;SHUL4;SCHULZ;PN;709;709
20120730;SHUL4;SCHULZ;PN;707;705
20120731;SHUL4;SCHULZ;PN;703;700
20120802;SHUL4;SCHULZ;PN;693;661
20120803;SHUL4;SCHULZ;PN;680;703
20120808;SHUL4;SCHULZ;PN;699;714
20120810;SHUL4;SCHULZ;PN;701;686
20120813;SHUL4;SCHULZ;PN;708;710
20120814;SHUL4;SCHULZ;PN;696;686
20120815;SHUL4;SCHULZ;PN  EJ;696;689
20120816;SHUL4;SCHULZ;PN  EJ;697;690
20120817;SHUL4;SCHULZ;PN  EJ;676;678
20120820;SHUL4;SCHULZ;PN  EJ;694;690
20120821;SHUL4;SCHULZ;PN  EJ;695;695
20120822;SHUL4;SCHULZ;PN  EJ;694;695
20120823;SHUL4;SCHULZ;PN  EJ;694;690
20120824;SHUL4;SCHULZ;PN  EJ;681;662
20120827;SHUL4;SCHULZ;PN;669;679
20120828;SHUL4;SCHULZ;PN;670;670
20120829;SHUL4;SCHULZ;PN;674;669
20120830;SHUL4;SCHULZ;PN;669;670
20120831;SHUL4;SCHULZ;PN;670;709
20120903;SHUL4;SCHULZ;PN;708;698
20120904;SHUL4;SCHULZ;PN;705;705
20120910;SHUL4;SCHULZ;PN;693;705
20120911;SHUL4;SCHULZ;PN;703;705
20120912;SHUL4;SCHULZ;PN;704;704
20120913;SHUL4;SCHULZ;PN;703;740
20120914;SHUL4;SCHULZ;PN;740;765
20120917;SHUL4;SCHULZ;PN;746;770
20120919;SHUL4;SCHULZ;PN;770;770
20120920;SHUL4;SCHULZ;PN;779;785
20120921;SHUL4;SCHULZ;PN;790;800
20120924;SHUL4;SCHULZ;PN;800;805
20120925;SHUL4;SCHULZ;PN;802;815
20120926;SHUL4;SCHULZ;PN;820;820
20120927;SHUL4;SCHULZ;PN;825;825
20120928;SHUL4;SCHULZ;PN;830;830
20121001;SHUL4;SCHULZ;PN;835;835
20121002;SHUL4;SCHULZ;PN;816;835
20121003;SHUL4;SCHULZ;PN;835;835
20121004;SHUL4;SCHULZ;PN;812;834
20121005;SHUL4;SCHULZ;PN;844;840
20121008;SHUL4;SCHULZ;PN;816;850
20121009;SHUL4;SCHULZ;PN;828;850
20121010;SHUL4;SCHULZ;PN;833;815
20121011;SHUL4;SCHULZ;PN;815;799
20121015;SHUL4;SCHULZ;PN;810;810
20121016;SHUL4;SCHULZ;PN;819;819
20121017;SHUL4;SCHULZ;PN;810;810
20121018;SHUL4;SCHULZ;PN;829;830
20121019;SHUL4;SCHULZ;PN;830;830
20121022;SHUL4;SCHULZ;PN;837;844
20121023;SHUL4;SCHULZ;PN;844;850
20121024;SHUL4;SCHULZ;PN;850;860
20121025;SHUL4;SCHULZ;PN;869;850
20121026;SHUL4;SCHULZ;PN;855;830
20121029;SHUL4;SCHULZ;PN;850;850
20121031;SHUL4;SCHULZ;PN;850;845
20121101;SHUL4;SCHULZ;PN;850;850
20121105;SHUL4;SCHULZ;PN;850;859
20121106;SHUL4;SCHULZ;PN;850;849
20121107;SHUL4;SCHULZ;PN;836;800
20121108;SHUL4;SCHULZ;PN;839;848
20121109;SHUL4;SCHULZ;PN;860;860
20121112;SHUL4;SCHULZ;PN;860;874
20121113;SHUL4;SCHULZ;PN;840;845
20121114;SHUL4;SCHULZ;PN;850;810
20121116;SHUL4;SCHULZ;PN;811;823
20121121;SHUL4;SCHULZ;PN;830;829
20121122;SHUL4;SCHULZ;PN;810;805
20121123;SHUL4;SCHULZ;PN;820;780
20121126;SHUL4;SCHULZ;PN;781;783
20121127;SHUL4;SCHULZ;PN;770;748
20121128;SHUL4;SCHULZ;PN;769;700
20121129;SHUL4;SCHULZ;PN;719;700
20121130;SHUL4;SCHULZ;PN;720;700
20121203;SHUL4;SCHULZ;PN;719;700
20121204;SHUL4;SCHULZ;PN;710;700
20121205;SHUL4;SCHULZ;PN;717;720
20121206;SHUL4;SCHULZ;PN;735;700
20121207;SHUL4;SCHULZ;PN;701;671
20121210;SHUL4;SCHULZ;PN;698;698
20121211;SHUL4;SCHULZ;PN;695;706
20121212;SHUL4;SCHULZ;PN;715;715
20121213;SHUL4;SCHULZ;PN;714;700
20121214;SHUL4;SCHULZ;PN;720;730
20121217;SHUL4;SCHULZ;PN;749;726
20121218;SHUL4;SCHULZ;PN;725;745
20121219;SHUL4;SCHULZ;PN;744;730
20121220;SHUL4;SCHULZ;PN;735;740
20121221;SHUL4;SCHULZ;PN;749;722
20121226;SHUL4;SCHULZ;PN;729;760
20121227;SHUL4;SCHULZ;PN;770;778
20121228;SHUL4;SCHULZ;PN;789;804
20130102;SHUL4;SCHULZ;PN;810;760
20130103;SHUL4;SCHULZ;PN;790;787
20130104;SHUL4;SCHULZ;PN;798;780
20130107;SHUL4;SCHULZ;PN;779;806
20130108;SHUL4;SCHULZ;PN;790;789
20130109;SHUL4;SCHULZ;PN;790;784
20130111;SHUL4;SCHULZ;PN;784;789
20130114;SHUL4;SCHULZ;PN;785;785
20130115;SHUL4;SCHULZ;PN;775;750
20130116;SHUL4;SCHULZ;PN;761;765
20130117;SHUL4;SCHULZ;PN;760;785
20130118;SHUL4;SCHULZ;PN;785;785
20130122;SHUL4;SCHULZ;PN;783;783
20130123;SHUL4;SCHULZ;PN;784;784
20130124;SHUL4;SCHULZ;PN;800;800
20130128;SHUL4;SCHULZ;PN;805;805
20130129;SHUL4;SCHULZ;PN;800;800
20130130;SHUL4;SCHULZ;PN;800;799
20130131;SHUL4;SCHULZ;PN;800;800
20130201;SHUL4;SCHULZ;PN;788;795
20130204;SHUL4;SCHULZ;PN;778;800
20130205;SHUL4;SCHULZ;PN;802;795
20130206;SHUL4;SCHULZ;PN;795;795
20130207;SHUL4;SCHULZ;PN;800;795
20130208;SHUL4;SCHULZ;PN;793;795
20130213;SHUL4;SCHULZ;PN;781;798
20130214;SHUL4;SCHULZ;PN;803;795
20130215;SHUL4;SCHULZ;PN;802;799
20130218;SHUL4;SCHULZ;PN;801;799
20130219;SHUL4;SCHULZ;PN;815;799
20130220;SHUL4;SCHULZ;PN;810;798
20130221;SHUL4;SCHULZ;PN;809;797
20130222;SHUL4;SCHULZ;PN;815;799
20130225;SHUL4;SCHULZ;PN;815;800
20130226;SHUL4;SCHULZ;PN;800;800
20130227;SHUL4;SCHULZ;PN;819;799
20130228;SHUL4;SCHULZ;PN;801;820
20130301;SHUL4;SCHULZ;PN;810;815
20130304;SHUL4;SCHULZ;PN;819;820
20130305;SHUL4;SCHULZ;PN;830;820
20130306;SHUL4;SCHULZ;PN;833;821
20130307;SHUL4;SCHULZ;PN;840;850
20130308;SHUL4;SCHULZ;PN;847;850
20130311;SHUL4;SCHULZ;PN;858;870
20130312;SHUL4;SCHULZ;PN;873;870
20130313;SHUL4;SCHULZ;PN;870;870
20130314;SHUL4;SCHULZ;PN;874;860
20130315;SHUL4;SCHULZ;PN;875;850
20130318;SHUL4;SCHULZ;PN;858;847
20130319;SHUL4;SCHULZ;PN;841;849
20130320;SHUL4;SCHULZ;PN;854;850
20130321;SHUL4;SCHULZ;PN;860;860
20130322;SHUL4;SCHULZ;PN;873;865
20130325;SHUL4;SCHULZ;PN;864;865
20130326;SHUL4;SCHULZ;PN;850;873
20130327;SHUL4;SCHULZ;PN;873;872
20130328;SHUL4;SCHULZ;PN;875;888
20130401;SHUL4;SCHULZ;PN;880;880
20130402;SHUL4;SCHULZ;PN;885;888
20130403;SHUL4;SCHULZ;PN  ED;882;880
20130404;SHUL4;SCHULZ;PN  ED;875;880
20130405;SHUL4;SCHULZ;PN  ED;875;880
20130408;SHUL4;SCHULZ;PN  ED;890;900
20130409;SHUL4;SCHULZ;PN  ED;889;895
20130410;SHUL4;SCHULZ;PN  ED;889;894
20130411;SHUL4;SCHULZ;PN  ED;885;898
20130412;SHUL4;SCHULZ;PN  ED;894;895
20130415;SHUL4;SCHULZ;PN;895;883
20130416;SHUL4;SCHULZ;PN;885;895
20130417;SHUL4;SCHULZ;PN;894;896
20130418;SHUL4;SCHULZ;PN;896;898
20130419;SHUL4;SCHULZ;PN;898;898
20130422;SHUL4;SCHULZ;PN;899;899
20130423;SHUL4;SCHULZ;PN;899;900
20130424;SHUL4;SCHULZ;PN;904;906
20130425;SHUL4;SCHULZ;PN;906;908
20130426;SHUL4;SCHULZ;PN;905;910
20130429;SHUL4;SCHULZ;PN;906;904
20130430;SHUL4;SCHULZ;PN;900;904
20130502;SHUL4;SCHULZ;PN;899;902
20130503;SHUL4;SCHULZ;PN;904;907
20130506;SHUL4;SCHULZ;PN;908;911
20130507;SHUL4;SCHULZ;PN;911;915
20130508;SHUL4;SCHULZ;PN;915;950
20130509;SHUL4;SCHULZ;PN;947;945
20130510;SHUL4;SCHULZ;PN;959;974
20130513;SHUL4;SCHULZ;PN;979;989
20130514;SHUL4;SCHULZ;PN;995;1005
20130515;SHUL4;SCHULZ;PN;1011;1042
20130516;SHUL4;SCHULZ;PN;1021;1029
20130517;SHUL4;SCHULZ;PN;1037;1030
20130520;SHUL4;SCHULZ;PN;1050;1024
20130521;SHUL4;SCHULZ;PN;1040;1014
20130522;SHUL4;SCHULZ;PN;1020;1024
20130523;SHUL4;SCHULZ;PN;1022;1000
20130524;SHUL4;SCHULZ;PN;1010;1006
20130527;SHUL4;SCHULZ;PN;999;1000
20130528;SHUL4;SCHULZ;PN;990;990
20130529;SHUL4;SCHULZ;PN;990;989
20130531;SHUL4;SCHULZ;PN;970;998
20130603;SHUL4;SCHULZ;PN;970;950
20130604;SHUL4;SCHULZ;PN;964;990
20130605;SHUL4;SCHULZ;PN;990;988
20130606;SHUL4;SCHULZ;PN;990;993
20130607;SHUL4;SCHULZ;PN;994;985
20130610;SHUL4;SCHULZ;PN;990;968
20130611;SHUL4;SCHULZ;PN;980;968
20130612;SHUL4;SCHULZ;PN;975;964
20130613;SHUL4;SCHULZ;PN;975;980
20130614;SHUL4;SCHULZ;PN;979;945
20130617;SHUL4;SCHULZ;PN;960;974
20130618;SHUL4;SCHULZ;PN;941;972
20130619;SHUL4;SCHULZ;PN;973;974
20130621;SHUL4;SCHULZ;PN;900;975
20130624;SHUL4;SCHULZ;PN;975;975
20130625;SHUL4;SCHULZ;PN;960;973
20130626;SHUL4;SCHULZ;PN;966;950
20130627;SHUL4;SCHULZ;PN;950;965
20130628;SHUL4;SCHULZ;PN;969;969
20130701;SHUL4;SCHULZ;PN;950;949
20130702;SHUL4;SCHULZ;PN;955;920
20130703;SHUL4;SCHULZ;PN;940;940
20130704;SHUL4;SCHULZ;PN;940;940
20130705;SHUL4;SCHULZ;PN;912;919
20130708;SHUL4;SCHULZ;PN;924;924
20130710;SHUL4;SCHULZ;PN;916;909
20130711;SHUL4;SCHULZ;PN;910;948
20130712;SHUL4;SCHULZ;PN;949;948
20130715;SHUL4;SCHULZ;PN;960;947
20130716;SHUL4;SCHULZ;PN;941;930
20130717;SHUL4;SCHULZ;PN;940;923
20130718;SHUL4;SCHULZ;PN;920;916
20130719;SHUL4;SCHULZ;PN;949;935
20130722;SHUL4;SCHULZ;PN;955;939
20130723;SHUL4;SCHULZ;PN;949;938
20130724;SHUL4;SCHULZ;PN;944;928
20130725;SHUL4;SCHULZ;PN;929;930
20130726;SHUL4;SCHULZ;PN;935;910
20130729;SHUL4;SCHULZ;PN;929;935
20130730;SHUL4;SCHULZ;PN;917;950
20130731;SHUL4;SCHULZ;PN;947;965
20130801;SHUL4;SCHULZ;PN;969;950
20130802;SHUL4;SCHULZ;PN;959;950
20130805;SHUL4;SCHULZ;PN;954;970
20130807;SHUL4;SCHULZ;PN;969;1004
20130808;SHUL4;SCHULZ;PN;1019;1014
20130809;SHUL4;SCHULZ;PN;1007;1025
20130812;SHUL4;SCHULZ;PN;1030;1025
20130813;SHUL4;SCHULZ;PN;1014;1029
20130814;SHUL4;SCHULZ;PN;1029;1040
20130815;SHUL4;SCHULZ;PN;1023;1025
20130816;SHUL4;SCHULZ;PN;1029;1005
20130819;SHUL4;SCHULZ;PN;1020;1000
20130820;SHUL4;SCHULZ;PN;1010;1010
20130821;SHUL4;SCHULZ;PN;1020;1009
20130822;SHUL4;SCHULZ;PN;1017;1000
20130823;SHUL4;SCHULZ;PN;1009;1019
20130826;SHUL4;SCHULZ;PN;1004;1019
20130827;SHUL4;SCHULZ;PN;1004;1014
20130828;SHUL4;SCHULZ;PN;1001;1010
20130829;SHUL4;SCHULZ;PN;1011;1007
20130830;SHUL4;SCHULZ;PN;1021;1000
20130902;SHUL4;SCHULZ;PN;1000;1010
20130903;SHUL4;SCHULZ;PN;1019;1000
20130904;SHUL4;SCHULZ;PN;1000;1000
20130905;SHUL4;SCHULZ;PN;1000;1000
20130906;SHUL4;SCHULZ;PN;1009;999
20130909;SHUL4;SCHULZ;PN;1009;1000
20130910;SHUL4;SCHULZ;PN;1000;999
20130911;SHUL4;SCHULZ;PN;1000;1005
20130912;SHUL4;SCHULZ;PN;1000;1000
20130913;SHUL4;SCHULZ;PN;1009;1000
20130916;SHUL4;SCHULZ;PN;1000;1000
20130917;SHUL4;SCHULZ;PN;1000;1000
20130918;SHUL4;SCHULZ;PN;1000;1015
20130919;SHUL4;SCHULZ;PN;1020;999
20130920;SHUL4;SCHULZ;PN;1000;1000
20130923;SHUL4;SCHULZ;PN;1000;1000
20130924;SHUL4;SCHULZ;PN;1000;1000
20130925;SHUL4;SCHULZ;PN;1000;1000
20130926;SHUL4;SCHULZ;PN;1000;1000
20130927;SHUL4;SCHULZ;PN;1001;1030
20130930;SHUL4;SCHULZ;PN;1002;1030
20131001;SHUL4;SCHULZ;PN;1010;1039
20131002;SHUL4;SCHULZ;PN;1021;1035
20131003;SHUL4;SCHULZ;PN;1026;1019
20131004;SHUL4;SCHULZ;PN;1030;1030
20131007;SHUL4;SCHULZ;PN;1025;1020
20131008;SHUL4;SCHULZ;PN;1038;1019
20131009;SHUL4;SCHULZ;PN;1038;1030
20131010;SHUL4;SCHULZ;PN;1030;1050
20131011;SHUL4;SCHULZ;PN;1074;1060
20131014;SHUL4;SCHULZ;PN;1039;1049
20131015;SHUL4;SCHULZ;PN;1059;1058
20131016;SHUL4;SCHULZ;PN;1031;1060
20131017;SHUL4;SCHULZ;PN;1047;1042
20131018;SHUL4;SCHULZ;PN;1054;1040
20131021;SHUL4;SCHULZ;PN;1052;1058
20131022;SHUL4;SCHULZ;PN;1050;1046
20131023;SHUL4;SCHULZ;PN;1065;1043
20131024;SHUL4;SCHULZ;PN  EJ;1045;1050
20131025;SHUL4;SCHULZ;PN  EJ;1048;1049
20131028;SHUL4;SCHULZ;PN  EJ;1059;1060
20131029;SHUL4;SCHULZ;PN  EJ;1059;1065
20131030;SHUL4;SCHULZ;PN  EJ;1050;1068
20131031;SHUL4;SCHULZ;PN  EJ;1074;1087
20131101;SHUL4;SCHULZ;PN  EJ;1061;1050
20131104;SHUL4;SCHULZ;PN  EJ;1050;1049
20131105;SHUL4;SCHULZ;PN;1039;1035
20131106;SHUL4;SCHULZ;PN;1058;1060
20131107;SHUL4;SCHULZ;PN;1042;1040
20131108;SHUL4;SCHULZ;PN;1050;1025
20131111;SHUL4;SCHULZ;PN;1038;1038
20131112;SHUL4;SCHULZ;PN;1031;1020
20131113;SHUL4;SCHULZ;PN;1044;1021
20131114;SHUL4;SCHULZ;PN;1039;1025
20131118;SHUL4;SCHULZ;PN;1034;1025
20131119;SHUL4;SCHULZ;PN;1034;1031
20131121;SHUL4;SCHULZ;PN;1026;1034
20131122;SHUL4;SCHULZ;PN;1020;1025
20131125;SHUL4;SCHULZ;PN;1024;1030
20131126;SHUL4;SCHULZ;PN;1028;1000
20131127;SHUL4;SCHULZ;PN;1019;1024
20131128;SHUL4;SCHULZ;PN;1036;1025
20131129;SHUL4;SCHULZ;PN;1030;1029
20131202;SHUL4;SCHULZ;PN;1013;1009
20131203;SHUL4;SCHULZ;PN;1005;1007
20131204;SHUL4;SCHULZ;PN;1006;999
20131205;SHUL4;SCHULZ;PN;1004;1010
20131206;SHUL4;SCHULZ;PN;1009;1007
20131210;SHUL4;SCHULZ;PN;1010;995
20131211;SHUL4;SCHULZ;PN;1007;996
20131213;SHUL4;SCHULZ;PN;1000;1000
20131216;SHUL4;SCHULZ;PN;985;980
20131217;SHUL4;SCHULZ;PN;995;998
20131218;SHUL4;SCHULZ;PN;995;1004
20131219;SHUL4;SCHULZ;PN;985;997
20131220;SHUL4;SCHULZ;PN;1000;1010
20131223;SHUL4;SCHULZ;PN;1019;1035
20131226;SHUL4;SCHULZ;PN;1034;1000
20131227;SHUL4;SCHULZ;PN;1000;1000
20131230;SHUL4;SCHULZ;PN;1028;1035
20140102;SHUL4;SCHULZ;PN;1005;1003
20140103;SHUL4;SCHULZ;PN;993;1002
20140107;SHUL4;SCHULZ;PN;982;1010
20140109;SHUL4;SCHULZ;PN;991;975
20140110;SHUL4;SCHULZ;PN;975;987
20140113;SHUL4;SCHULZ;PN;971;985
20140116;SHUL4;SCHULZ;PN;985;976
20140117;SHUL4;SCHULZ;PN;999;999
20140120;SHUL4;SCHULZ;PN;970;999
20140121;SHUL4;SCHULZ;PN;990;1010
20140122;SHUL4;SCHULZ;PN;1011;1009
20140123;SHUL4;SCHULZ;PN;1019;1040
20140124;SHUL4;SCHULZ;PN;1030;1040
20140127;SHUL4;SCHULZ;PN;1015;1017
20140128;SHUL4;SCHULZ;PN;1039;1030
20140129;SHUL4;SCHULZ;PN;1030;1030
20140130;SHUL4;SCHULZ;PN;1029;1029
20140131;SHUL4;SCHULZ;PN;1037;1030
20140203;SHUL4;SCHULZ;PN;1005;1028
20140204;SHUL4;SCHULZ;PN;1036;1028
20140205;SHUL4;SCHULZ;PN;1035;1015
20140206;SHUL4;SCHULZ;PN;1014;1024
20140210;SHUL4;SCHULZ;PN;1010;1025
20140211;SHUL4;SCHULZ;PN;1011;1029
20140212;SHUL4;SCHULZ;PN;1013;1019
20140213;SHUL4;SCHULZ;PN;1028;1009
20140214;SHUL4;SCHULZ;PN;1018;1009
20140217;SHUL4;SCHULZ;PN;1029;1010
20140218;SHUL4;SCHULZ;PN;1010;1006
20140219;SHUL4;SCHULZ;PN;999;978
20140220;SHUL4;SCHULZ;PN;1000;1000
20140221;SHUL4;SCHULZ;PN;1005;1001
20140224;SHUL4;SCHULZ;PN;1010;1010
20140225;SHUL4;SCHULZ;PN;1010;1010
20140226;SHUL4;SCHULZ;PN;992;1028
20140227;SHUL4;SCHULZ;PN;1034;1035
20140228;SHUL4;SCHULZ;PN;1034;1030
20140305;SHUL4;SCHULZ;PN;1001;1035
20140306;SHUL4;SCHULZ;PN;1035;1035
20140307;SHUL4;SCHULZ;PN;1005;997
20140310;SHUL4;SCHULZ;PN;1010;980
20140311;SHUL4;SCHULZ;PN;1003;988
20140312;SHUL4;SCHULZ;PN;1005;1005
20140313;SHUL4;SCHULZ;PN;980;979
20140314;SHUL4;SCHULZ;PN;997;979
20140317;SHUL4;SCHULZ;PN;999;997
20140318;SHUL4;SCHULZ;PN;996;1019
20140319;SHUL4;SCHULZ;PN;1020;985
20140320;SHUL4;SCHULZ;PN;990;987
20140321;SHUL4;SCHULZ;PN;999;993
20140324;SHUL4;SCHULZ;PN;1005;972
20140325;SHUL4;SCHULZ;PN;987;967
20140326;SHUL4;SCHULZ;PN;980;977
20140327;SHUL4;SCHULZ;PN;989;1020
20140328;SHUL4;SCHULZ;PN  ED;1036;1000
20140331;SHUL4;SCHULZ;PN  ED;970;980
20140401;SHUL4;SCHULZ;PN  ED;980;995
20140402;SHUL4;SCHULZ;PN  ED;975;988
20140403;SHUL4;SCHULZ;PN  ED;961;970
20140404;SHUL4;SCHULZ;PN  ED;983;951
20140407;SHUL4;SCHULZ;PN  ED;960;969
20140408;SHUL4;SCHULZ;PN  ED;985;979
20140409;SHUL4;SCHULZ;PN;981;958
20140410;SHUL4;SCHULZ;PN;976;979
20140411;SHUL4;SCHULZ;PN;979;973
20140414;SHUL4;SCHULZ;PN;980;978
20140415;SHUL4;SCHULZ;PN;952;970
20140417;SHUL4;SCHULZ;PN;952;950
20140422;SHUL4;SCHULZ;PN;969;964
20140423;SHUL4;SCHULZ;PN;969;964
20140424;SHUL4;SCHULZ;PN;969;999
20140425;SHUL4;SCHULZ;PN;1000;1005
20140428;SHUL4;SCHULZ;PN;1009;995
20140429;SHUL4;SCHULZ;PN;1004;941
20140430;SHUL4;SCHULZ;PN;966;955
20140502;SHUL4;SCHULZ;PN;974;970
20140505;SHUL4;SCHULZ;PN;999;950
20140506;SHUL4;SCHULZ;PN;940;920
20140507;SHUL4;SCHULZ;PN;949;940
20140508;SHUL4;SCHULZ;PN;939;955
20140509;SHUL4;SCHULZ;PN;959;950
20140512;SHUL4;SCHULZ;PN;959;931
20140513;SHUL4;SCHULZ;PN;938;934
20140514;SHUL4;SCHULZ;PN;930;934
20140515;SHUL4;SCHULZ;PN;932;934
20140516;SHUL4;SCHULZ;PN;934;914
20140519;SHUL4;SCHULZ;PN;930;930
20140520;SHUL4;SCHULZ;PN;934;920
20140521;SHUL4;SCHULZ;PN;932;916
20140522;SHUL4;SCHULZ;PN;933;927
20140523;SHUL4;SCHULZ;PN;911;917
20140526;SHUL4;SCHULZ;PN;910;920
20140529;SHUL4;SCHULZ;PN;905;880
20140530;SHUL4;SCHULZ;PN;912;890
20140602;SHUL4;SCHULZ;PN;900;860
20140603;SHUL4;SCHULZ;PN;883;850
20140604;SHUL4;SCHULZ;PN;866;828
20140605;SHUL4;SCHULZ;PN;859;810
20140606;SHUL4;SCHULZ;PN;829;800
20140609;SHUL4;SCHULZ;PN;827;849
20140610;SHUL4;SCHULZ;PN;865;848
20140611;SHUL4;SCHULZ;PN;854;860
20140613;SHUL4;SCHULZ;PN;889;870
20140616;SHUL4;SCHULZ;PN;880;879
20140617;SHUL4;SCHULZ;PN;894;890
20140618;SHUL4;SCHULZ;PN;889;889
20140620;SHUL4;SCHULZ;PN;889;899
20140623;SHUL4;SCHULZ;PN;875;875
20140624;SHUL4;SCHULZ;PN;878;889
20140625;SHUL4;SCHULZ;PN;851;880
20140626;SHUL4;SCHULZ;PN;874;868
20140627;SHUL4;SCHULZ;PN;887;874
20140630;SHUL4;SCHULZ;PN;884;891
20140701;SHUL4;SCHULZ;PN;856;898
20140702;SHUL4;SCHULZ;PN;877;835
20140703;SHUL4;SCHULZ;PN;811;835
20140704;SHUL4;SCHULZ;PN;859;858
20140707;SHUL4;SCHULZ;PN;841;822
20140708;SHUL4;SCHULZ;PN;846;846
20140711;SHUL4;SCHULZ;PN;889;869
20140715;SHUL4;SCHULZ;PN;841;840
20140716;SHUL4;SCHULZ;PN;870;867
20140717;SHUL4;SCHULZ;PN;847;889
20140718;SHUL4;SCHULZ;PN;870;850
20140721;SHUL4;SCHULZ;PN;837;823
20140722;SHUL4;SCHULZ;PN;815;817
20140723;SHUL4;SCHULZ;PN;810;850
20140725;SHUL4;SCHULZ;PN;826;828
20140728;SHUL4;SCHULZ;PN;850;850
20140731;SHUL4;SCHULZ;PN;827;850
20140801;SHUL4;SCHULZ;PN;821;815
20140804;SHUL4;SCHULZ;PN;802;800
20140805;SHUL4;SCHULZ;PN;786;740
20140806;SHUL4;SCHULZ;PN;762;780
20140808;SHUL4;SCHULZ;PN;770;770
20140811;SHUL4;SCHULZ;PN;751;749
20140812;SHUL4;SCHULZ;PN;732;730
20140813;SHUL4;SCHULZ;PN;730;720
20140814;SHUL4;SCHULZ;PN;737;738
20140815;SHUL4;SCHULZ;PN;738;758
20140818;SHUL4;SCHULZ;PN;750;750
20140819;SHUL4;SCHULZ;PN;749;749
20140821;SHUL4;SCHULZ;PN;750;750
20140822;SHUL4;SCHULZ;PN;750;732
20140825;SHUL4;SCHULZ;PN;750;747
20140827;SHUL4;SCHULZ;PN;750;750
20140828;SHUL4;SCHULZ;PN;740;740
20140829;SHUL4;SCHULZ;PN;723;740
20140901;SHUL4;SCHULZ;PN;725;706
20140902;SHUL4;SCHULZ;PN;706;749
20140903;SHUL4;SCHULZ;PN;747;743
20140904;SHUL4;SCHULZ;PN;730;721
20140905;SHUL4;SCHULZ;PN;730;740
20140908;SHUL4;SCHULZ;PN;748;749
20140910;SHUL4;SCHULZ;PN;720;720
20140911;SHUL4;SCHULZ;PN;722;734
20140912;SHUL4;SCHULZ;PN;734;734
20140915;SHUL4;SCHULZ;PN;738;738
20140916;SHUL4;SCHULZ;PN;716;729
20140917;SHUL4;SCHULZ;PN;716;728
20140918;SHUL4;SCHULZ;PN;716;734
20140919;SHUL4;SCHULZ;PN;734;733
20140922;SHUL4;SCHULZ;PN;733;710
20140923;SHUL4;SCHULZ;PN;729;705
20140925;SHUL4;SCHULZ;PN;685;671
20140926;SHUL4;SCHULZ;PN;694;675
20140929;SHUL4;SCHULZ;PN;704;700
20140930;SHUL4;SCHULZ;PN;704;715
20141003;SHUL4;SCHULZ;PN;715;700
20141006;SHUL4;SCHULZ;PN;700;700
20141007;SHUL4;SCHULZ;PN;700;700
20141008;SHUL4;SCHULZ;PN;700;699
20141009;SHUL4;SCHULZ;PN;665;700
20141010;SHUL4;SCHULZ;PN;694;700
20141013;SHUL4;SCHULZ;PN;686;738
20141014;SHUL4;SCHULZ;PN;706;710
20141015;SHUL4;SCHULZ;PN;730;733
20141017;SHUL4;SCHULZ;PN;735;738
20141021;SHUL4;SCHULZ;PN;737;738
20141023;SHUL4;SCHULZ;PN;703;728
20141024;SHUL4;SCHULZ;PN;737;747
20141027;SHUL4;SCHULZ;PN;701;700
20141028;SHUL4;SCHULZ;PN;720;736
20141029;SHUL4;SCHULZ;PN;745;744
20141030;SHUL4;SCHULZ;PN;730;711
20141031;SHUL4;SCHULZ;PN;732;728
20141103;SHUL4;SCHULZ;PN;701;675
20141104;SHUL4;SCHULZ;PN;688;675
20141105;SHUL4;SCHULZ;PN;689;685
20141106;SHUL4;SCHULZ;PN;685;685
20141107;SHUL4;SCHULZ;PN;682;682
20141112;SHUL4;SCHULZ;PN;684;678
20141113;SHUL4;SCHULZ;PN;679;675
20141114;SHUL4;SCHULZ;PN;675;660
20141117;SHUL4;SCHULZ;PN  EJ;647;644
20141118;SHUL4;SCHULZ;PN  EJ;631;639
20141119;SHUL4;SCHULZ;PN  EJ;639;637
20141121;SHUL4;SCHULZ;PN  EJ;637;639
20141124;SHUL4;SCHULZ;PN  EJ;644;645
20141125;SHUL4;SCHULZ;PN  EJ;640;641
20141126;SHUL4;SCHULZ;PN  EJ;639;634
20141127;SHUL4;SCHULZ;PN  EJ;635;610
20141128;SHUL4;SCHULZ;PN;610;599
20141201;SHUL4;SCHULZ;PN;600;578
20141202;SHUL4;SCHULZ;PN;570;578
20141203;SHUL4;SCHULZ;PN;572;579
20141204;SHUL4;SCHULZ;PN;579;576
20141205;SHUL4;SCHULZ;PN;576;578
20141208;SHUL4;SCHULZ;PN;578;575
20141209;SHUL4;SCHULZ;PN;565;570
20141210;SHUL4;SCHULZ;PN;569;540
20141211;SHUL4;SCHULZ;PN;540;541
20141212;SHUL4;SCHULZ;PN;541;544
20141215;SHUL4;SCHULZ;PN;544;532
20141216;SHUL4;SCHULZ;PN;531;520
20141217;SHUL4;SCHULZ;PN;548;519
20141218;SHUL4;SCHULZ;PN;525;524
20141219;SHUL4;SCHULZ;PN;524;519
20141222;SHUL4;SCHULZ;PN;512;523
20141226;SHUL4;SCHULZ;PN;513;524
20141229;SHUL4;SCHULZ;PN;523;520
20141230;SHUL4;SCHULZ;PN;519;524
20150102;SHUL4;SCHULZ;PN;524;499
20150105;SHUL4;SCHULZ;PN;498;492
20150106;SHUL4;SCHULZ;PN;492;464
20150107;SHUL4;SCHULZ;PN;470;475
20150108;SHUL4;SCHULZ;PN;471;478
20150109;SHUL4;SCHULZ;PN;480;479
20150112;SHUL4;SCHULZ;PN;484;483
20150113;SHUL4;SCHULZ;PN;483;485
20150114;SHUL4;SCHULZ;PN;490;486
20150115;SHUL4;SCHULZ;PN;488;488
20150116;SHUL4;SCHULZ;PN;490;489
20150119;SHUL4;SCHULZ;PN;489;460
20150120;SHUL4;SCHULZ;PN;466;466
20150121;SHUL4;SCHULZ;PN;468;467
20150122;SHUL4;SCHULZ;PN;466;466
20150123;SHUL4;SCHULZ;PN;465;455
20150126;SHUL4;SCHULZ;PN;459;440
20150127;SHUL4;SCHULZ;PN;441;429
20150128;SHUL4;SCHULZ;PN;428;425
20150129;SHUL4;SCHULZ;PN;424;420
20150130;SHUL4;SCHULZ;PN;410;420
20150202;SHUL4;SCHULZ;PN;427;420
20150203;SHUL4;SCHULZ;PN;425;422
20150204;SHUL4;SCHULZ;PN;425;419
20150205;SHUL4;SCHULZ;PN;421;410
20150206;SHUL4;SCHULZ;PN;419;410
20150209;SHUL4;SCHULZ;PN;405;400
20150210;SHUL4;SCHULZ;PN;392;379
20150211;SHUL4;SCHULZ;PN;389;368
20150212;SHUL4;SCHULZ;PN;368;389
20150213;SHUL4;SCHULZ;PN;399;389
20150218;SHUL4;SCHULZ;PN;390;383
20150219;SHUL4;SCHULZ;PN;383;389
20150220;SHUL4;SCHULZ;PN;392;392
20150223;SHUL4;SCHULZ;PN;400;385
20150224;SHUL4;SCHULZ;PN;391;389
20150225;SHUL4;SCHULZ;PN;399;382
20150226;SHUL4;SCHULZ;PN;383;377
20150227;SHUL4;SCHULZ;PN;379;374
20150302;SHUL4;SCHULZ;PN;380;370
20150303;SHUL4;SCHULZ;PN;364;361
20150304;SHUL4;SCHULZ;PN;362;354
20150305;SHUL4;SCHULZ;PN;375;345
20150306;SHUL4;SCHULZ;PN;354;344
20150309;SHUL4;SCHULZ;PN;344;327
20150310;SHUL4;SCHULZ;PN;330;319
20150311;SHUL4;SCHULZ;PN;317;320
20150312;SHUL4;SCHULZ;PN;318;330
20150313;SHUL4;SCHULZ;PN;330;314
20150316;SHUL4;SCHULZ;PN;318;329
20150317;SHUL4;SCHULZ;PN;330;360
20150318;SHUL4;SCHULZ;PN;373;356
20150319;SHUL4;SCHULZ;PN;367;350
20150320;SHUL4;SCHULZ;PN;364;370
20150323;SHUL4;SCHULZ;PN;370;380
20150324;SHUL4;SCHULZ;PN;380;390
20150325;SHUL4;SCHULZ;PN;380;384
20150326;SHUL4;SCHULZ;PN;376;374
20150327;SHUL4;SCHULZ;PN;386;380
20150330;SHUL4;SCHULZ;PN;382;380
20150331;SHUL4;SCHULZ;PN;386;360
20150401;SHUL4;SCHULZ;PN;374;366
20150402;SHUL4;SCHULZ;PN;375;384
20150406;SHUL4;SCHULZ;PN;385;384
20150407;SHUL4;SCHULZ;PN;381;380
20150408;SHUL4;SCHULZ;PN;388;385
20150409;SHUL4;SCHULZ;PN;387;389
20150410;SHUL4;SCHULZ;PN;385;398
20150413;SHUL4;SCHULZ;PN;386;410
20150414;SHUL4;SCHULZ;PN;419;425
20150415;SHUL4;SCHULZ;PN;437;436
20150416;SHUL4;SCHULZ;PN;438;442
20150420;SHUL4;SCHULZ;PN;421;437
20150422;SHUL4;SCHULZ;PN;441;430
20150423;SHUL4;SCHULZ;PN;430;419
20150424;SHUL4;SCHULZ;PN  ED;420;438
20150427;SHUL4;SCHULZ;PN  ED;453;450
20150428;SHUL4;SCHULZ;PN  ED;448;448
20150429;SHUL4;SCHULZ;PN  ED;448;436
20150430;SHUL4;SCHULZ;PN  ED;446;449
20150504;SHUL4;SCHULZ;PN  ED;449;430
20150505;SHUL4;SCHULZ;PN  ED;448;440
20150506;SHUL4;SCHULZ;PN  ED;444;425
20150507;SHUL4;SCHULZ;PN;440;439
20150508;SHUL4;SCHULZ;PN;439;446
20150511;SHUL4;SCHULZ;PN;446;446
20150512;SHUL4;SCHULZ;PN;445;439
20150513;SHUL4;SCHULZ;PN;447;444
20150514;SHUL4;SCHULZ;PN;448;440
20150515;SHUL4;SCHULZ;PN;431;445
20150518;SHUL4;SCHULZ;PN;448;431
20150519;SHUL4;SCHULZ;PN;444;437
20150520;SHUL4;SCHULZ;PN;430;423
20150521;SHUL4;SCHULZ;PN;438;438
20150522;SHUL4;SCHULZ;PN;441;444
20150525;SHUL4;SCHULZ;PN;444;444
20150526;SHUL4;SCHULZ;PN;440;442
20150527;SHUL4;SCHULZ;PN;442;442
20150528;SHUL4;SCHULZ;PN;440;444
20150529;SHUL4;SCHULZ;PN;475;460
20150601;SHUL4;SCHULZ;PN;460;451
20150602;SHUL4;SCHULZ;PN;451;469
20150603;SHUL4;SCHULZ;PN;469;478
20150605;SHUL4;SCHULZ;PN;479;477
20150608;SHUL4;SCHULZ;PN;489;449
20150609;SHUL4;SCHULZ;PN;459;456
20150610;SHUL4;SCHULZ;PN;464;472
20150611;SHUL4;SCHULZ;PN;474;469
20150612;SHUL4;SCHULZ;PN;475;455
20150615;SHUL4;SCHULZ;PN;469;440
20150616;SHUL4;SCHULZ;PN;457;459
20150617;SHUL4;SCHULZ;PN;459;468
20150619;SHUL4;SCHULZ;PN;455;440
20150622;SHUL4;SCHULZ;PN;454;445
20150623;SHUL4;SCHULZ;PN;460;458
20150624;SHUL4;SCHULZ;PN;442;430
20150625;SHUL4;SCHULZ;PN;417;390
20150626;SHUL4;SCHULZ;PN;392;399
20150629;SHUL4;SCHULZ;PN;396;380
20150630;SHUL4;SCHULZ;PN;388;380
20150701;SHUL4;SCHULZ;PN;380;366
20150702;SHUL4;SCHULZ;PN;379;374
20150703;SHUL4;SCHULZ;PN;375;354
20150706;SHUL4;SCHULZ;PN;367;360
20150707;SHUL4;SCHULZ;PN;367;360
20150708;SHUL4;SCHULZ;PN;355;355
20150710;SHUL4;SCHULZ;PN;367;350
20150713;SHUL4;SCHULZ;PN;363;345
20150714;SHUL4;SCHULZ;PN;342;335
20150716;SHUL4;SCHULZ;PN;332;345
20150717;SHUL4;SCHULZ;PN;335;331
20150720;SHUL4;SCHULZ;PN;325;318
20150721;SHUL4;SCHULZ;PN;311;307
20150722;SHUL4;SCHULZ;PN;304;323
20150723;SHUL4;SCHULZ;PN;317;339
20150724;SHUL4;SCHULZ;PN;338;338
20150727;SHUL4;SCHULZ;PN;338;334
20150728;SHUL4;SCHULZ;PN;321;332
20150729;SHUL4;SCHULZ;PN;322;335
20150730;SHUL4;SCHULZ;PN;326;330
20150731;SHUL4;SCHULZ;PN;331;326
20150803;SHUL4;SCHULZ;PN;310;318
20150804;SHUL4;SCHULZ;PN;314;330
20150805;SHUL4;SCHULZ;PN;329;325
20150806;SHUL4;SCHULZ;PN;320;312
20150807;SHUL4;SCHULZ;PN;327;330
20150810;SHUL4;SCHULZ;PN;340;355
20150811;SHUL4;SCHULZ;PN;340;345
20150812;SHUL4;SCHULZ;PN;359;354
20150813;SHUL4;SCHULZ;PN;349;365
20150814;SHUL4;SCHULZ;PN;357;392
20150817;SHUL4;SCHULZ;PN;392;387
20150818;SHUL4;SCHULZ;PN;381;389
20150819;SHUL4;SCHULZ;PN;371;380
20150820;SHUL4;SCHULZ;PN;363;385
20150821;SHUL4;SCHULZ;PN;387;382
20150824;SHUL4;SCHULZ;PN;350;389
20150825;SHUL4;SCHULZ;PN;375;388
20150826;SHUL4;SCHULZ;PN;382;390
20150827;SHUL4;SCHULZ;PN;393;394
20150828;SHUL4;SCHULZ;PN;393;396
20150831;SHUL4;SCHULZ;PN;371;395
20150901;SHUL4;SCHULZ;PN;380;392
20150902;SHUL4;SCHULZ;PN;382;375
20150903;SHUL4;SCHULZ;PN;375;404
20150904;SHUL4;SCHULZ;PN;415;402
20150908;SHUL4;SCHULZ;PN;370;404
20150909;SHUL4;SCHULZ;PN;414;409
20150910;SHUL4;SCHULZ;PN;400;414
20150911;SHUL4;SCHULZ;PN;403;410
20150914;SHUL4;SCHULZ;PN;413;403
20150915;SHUL4;SCHULZ;PN;401;403
20150916;SHUL4;SCHULZ;PN;412;399
20150917;SHUL4;SCHULZ;PN;394;389
20150918;SHUL4;SCHULZ;PN;385;385
20150921;SHUL4;SCHULZ;PN;371;387
20150922;SHUL4;SCHULZ;PN;375;385
20150923;SHUL4;SCHULZ;PN;372;385
20150924;SHUL4;SCHULZ;PN;383;384
20150925;SHUL4;SCHULZ;PN;372;381
20150928;SHUL4;SCHULZ;PN;372;395
20150929;SHUL4;SCHULZ;PN;381;370
20150930;SHUL4;SCHULZ;PN;385;365
20151001;SHUL4;SCHULZ;PN;356;375
20151002;SHUL4;SCHULZ;PN;378;381
20151005;SHUL4;SCHULZ;PN;379;365
20151006;SHUL4;SCHULZ;PN;367;358
20151007;SHUL4;SCHULZ;PN;355;356
20151008;SHUL4;SCHULZ;PN;367;357
20151009;SHUL4;SCHULZ;PN;357;350
20151013;SHUL4;SCHULZ;PN;351;348
20151014;SHUL4;SCHULZ;PN;350;346
20151015;SHUL4;SCHULZ;PN;343;348
20151016;SHUL4;SCHULZ;PN;359;346
20151019;SHUL4;SCHULZ;PN;346;354
20151020;SHUL4;SCHULZ;PN;360;357
20151021;SHUL4;SCHULZ;PN;351;350
20151022;SHUL4;SCHULZ;PN;357;355
20151023;SHUL4;SCHULZ;PN;360;360
20151026;SHUL4;SCHULZ;PN;370;355
20151027;SHUL4;SCHULZ;PN;365;360
20151028;SHUL4;SCHULZ;PN;379;357
20151029;SHUL4;SCHULZ;PN;368;357
20151030;SHUL4;SCHULZ;PN;372;369
20151103;SHUL4;SCHULZ;PN;379;357
20151104;SHUL4;SCHULZ;PN;373;363
20151105;SHUL4;SCHULZ;PN;361;351
20151106;SHUL4;SCHULZ;PN;358;344
20151109;SHUL4;SCHULZ;PN;344;356
20151111;SHUL4;SCHULZ;PN;354;344
20151112;SHUL4;SCHULZ;PN;349;349
20151113;SHUL4;SCHULZ;PN;349;361
20151116;SHUL4;SCHULZ;PN  EJ;350;390
20151117;SHUL4;SCHULZ;PN  EJ;357;395
20151118;SHUL4;SCHULZ;PN  EJ;392;390
20151119;SHUL4;SCHULZ;PN  EJ;394;390
20151123;SHUL4;SCHULZ;PN  EJ;387;382
20151124;SHUL4;SCHULZ;PN  EJ;381;382
20151125;SHUL4;SCHULZ;PN  EJ;409;422
20151126;SHUL4;SCHULZ;PN  EJ;424;415
20151127;SHUL4;SCHULZ;PN;415;408
20151130;SHUL4;SCHULZ;PN;415;414
20151201;SHUL4;SCHULZ;PN;409;402
20151202;SHUL4;SCHULZ;PN;410;397
20151203;SHUL4;SCHULZ;PN;414;395
20151204;SHUL4;SCHULZ;PN;395;392
20151207;SHUL4;SCHULZ;PN;394;380
20151208;SHUL4;SCHULZ;PN;381;361
20151209;SHUL4;SCHULZ;PN;381;378
20151210;SHUL4;SCHULZ;PN;390;364
20151211;SHUL4;SCHULZ;PN;370;370
20151214;SHUL4;SCHULZ;PN;375;364
20151215;SHUL4;SCHULZ;PN;366;365
20151216;SHUL4;SCHULZ;PN;384;385
20151217;SHUL4;SCHULZ;PN;385;379
20151218;SHUL4;SCHULZ;PN;368;385
20151221;SHUL4;SCHULZ;PN;383;378
20151222;SHUL4;SCHULZ;PN;385;386
20151223;SHUL4;SCHULZ;PN;389;379
20151228;SHUL4;SCHULZ;PN;387;379
20151229;SHUL4;SCHULZ;PN;376;380
20151230;SHUL4;SCHULZ;PN;389;388
20160104;SHUL4;SCHULZ;PN;390;380
20160105;SHUL4;SCHULZ;PN;389;380
20160106;SHUL4;SCHULZ;PN;380;369
20160107;SHUL4;SCHULZ;PN;380;367
20160108;SHUL4;SCHULZ;PN;363;359
20160111;SHUL4;SCHULZ;PN;370;358
20160112;SHUL4;SCHULZ;PN;356;349
20160113;SHUL4;SCHULZ;PN;344;342
20160114;SHUL4;SCHULZ;PN;333;336
20160115;SHUL4;SCHULZ;PN;331;323
20160118;SHUL4;SCHULZ;PN;323;305
20160119;SHUL4;SCHULZ;PN;307;307
20160120;SHUL4;SCHULZ;PN;308;296
20160121;SHUL4;SCHULZ;PN;290;288
20160122;SHUL4;SCHULZ;PN;288;289
20160126;SHUL4;SCHULZ;PN;289;278
20160127;SHUL4;SCHULZ;PN;281;291
20160128;SHUL4;SCHULZ;PN;302;281
20160129;SHUL4;SCHULZ;PN;300;305
20160201;SHUL4;SCHULZ;PN;291;284
20160202;SHUL4;SCHULZ;PN;284;280
20160203;SHUL4;SCHULZ;PN;280;283
20160204;SHUL4;SCHULZ;PN;289;276
20160205;SHUL4;SCHULZ;PN;288;273
20160210;SHUL4;SCHULZ;PN;280;285
20160211;SHUL4;SCHULZ;PN;275;272
20160212;SHUL4;SCHULZ;PN;272;285
20160215;SHUL4;SCHULZ;PN;280;277
20160216;SHUL4;SCHULZ;PN;277;272
20160217;SHUL4;SCHULZ;PN;270;284
20160218;SHUL4;SCHULZ;PN;275;269
20160219;SHUL4;SCHULZ;PN;278;271
20160222;SHUL4;SCHULZ;PN;272;270
20160223;SHUL4;SCHULZ;PN;275;269
20160224;SHUL4;SCHULZ;PN;274;270
20160225;SHUL4;SCHULZ;PN;273;270
20160226;SHUL4;SCHULZ;PN;276;280
20160229;SHUL4;SCHULZ;PN;280;285
20160301;SHUL4;SCHULZ;PN;284;271
20160302;SHUL4;SCHULZ;PN;278;282
20160303;SHUL4;SCHULZ;PN;283;294
20160304;SHUL4;SCHULZ;PN;278;287
20160307;SHUL4;SCHULZ;PN;295;281
20160308;SHUL4;SCHULZ;PN;285;276
20160309;SHUL4;SCHULZ;PN;289;268
20160310;SHUL4;SCHULZ;PN;278;267
20160311;SHUL4;SCHULZ;PN;271;270
20160314;SHUL4;SCHULZ;PN;277;268
20160315;SHUL4;SCHULZ;PN;268;265
20160316;SHUL4;SCHULZ;PN;264;261
20160317;SHUL4;SCHULZ;PN;265;280
20160318;SHUL4;SCHULZ;PN;285;276
20160321;SHUL4;SCHULZ;PN;288;301
20160322;SHUL4;SCHULZ;PN;302;321
20160323;SHUL4;SCHULZ;PN;323;319
20160324;SHUL4;SCHULZ;PN;311;317
20160328;SHUL4;SCHULZ;PN;313;336
20160329;SHUL4;SCHULZ;PN;333;340
20160330;SHUL4;SCHULZ;PN;349;355
20160331;SHUL4;SCHULZ;PN;368;355
20160401;SHUL4;SCHULZ;PN;370;356
20160404;SHUL4;SCHULZ;PN;356;350
20160405;SHUL4;SCHULZ;PN;344;340
20160406;SHUL4;SCHULZ;PN;340;338
20160407;SHUL4;SCHULZ;PN;345;351
20160408;SHUL4;SCHULZ;PN;372;353
20160411;SHUL4;SCHULZ;PN;368;359
20160412;SHUL4;SCHULZ;PN;362;365
20160413;SHUL4;SCHULZ;PN;373;375
20160414;SHUL4;SCHULZ;PN;381;381
20160415;SHUL4;SCHULZ;PN;389;390
20160418;SHUL4;SCHULZ;PN;400;382
20160419;SHUL4;SCHULZ;PN;382;385
20160420;SHUL4;SCHULZ;PN;389;392
20160422;SHUL4;SCHULZ;PN;397;393
20160425;SHUL4;SCHULZ;PN;400;383
20160426;SHUL4;SCHULZ;PN;392;392
20160427;SHUL4;SCHULZ;PN;394;400
20160428;SHUL4;SCHULZ;PN;406;407
20160429;SHUL4;SCHULZ;PN;412;414
20160502;SHUL4;SCHULZ;PN  ED;420;412
20160503;SHUL4;SCHULZ;PN  ED;416;413
20160504;SHUL4;SCHULZ;PN  ED;413;436
20160505;SHUL4;SCHULZ;PN  ED;450;434
20160506;SHUL4;SCHULZ;PN  ED;435;430
20160509;SHUL4;SCHULZ;PN  ED;430;417
20160510;SHUL4;SCHULZ;PN  ED;424;421
20160511;SHUL4;SCHULZ;PN  ED;437;443
20160512;SHUL4;SCHULZ;PN;458;465
20160513;SHUL4;SCHULZ;PN;469;470
20160516;SHUL4;SCHULZ;PN;467;455
20160517;SHUL4;SCHULZ;PN;455;466
20160518;SHUL4;SCHULZ;PN;467;468
20160519;SHUL4;SCHULZ;PN;478;455
20160520;SHUL4;SCHULZ;PN;472;460
20160523;SHUL4;SCHULZ;PN;471;435
20160524;SHUL4;SCHULZ;PN;435;438
20160525;SHUL4;SCHULZ;PN;425;443
20160527;SHUL4;SCHULZ;PN;449;427
20160530;SHUL4;SCHULZ;PN;449;407
20160531;SHUL4;SCHULZ;PN;407;404
20160601;SHUL4;SCHULZ;PN;404;415
20160602;SHUL4;SCHULZ;PN;417;422
20160603;SHUL4;SCHULZ;PN;422;405
20160606;SHUL4;SCHULZ;PN;420;395
20160607;SHUL4;SCHULZ;PN;411;400
20160608;SHUL4;SCHULZ;PN;400;402
20160609;SHUL4;SCHULZ;PN;402;401
20160610;SHUL4;SCHULZ;PN;402;404
20160613;SHUL4;SCHULZ;PN;405;410
20160614;SHUL4;SCHULZ;PN;410;390
20160615;SHUL4;SCHULZ;PN;405;400
20160616;SHUL4;SCHULZ;PN;400;390
20160617;SHUL4;SCHULZ;PN;407;400
20160620;SHUL4;SCHULZ;PN;415;388
20160621;SHUL4;SCHULZ;PN;390;396
20160622;SHUL4;SCHULZ;PN;396;389
20160623;SHUL4;SCHULZ;PN;392;397
20160624;SHUL4;SCHULZ;PN;381;400
20160627;SHUL4;SCHULZ;PN;400;380
20160628;SHUL4;SCHULZ;PN;385;382
20160629;SHUL4;SCHULZ;PN;384;388
20160630;SHUL4;SCHULZ;PN;394;406
20160701;SHUL4;SCHULZ;PN;408;421
20160704;SHUL4;SCHULZ;PN;421;424
20160705;SHUL4;SCHULZ;PN;423;420
20160706;SHUL4;SCHULZ;PN;420;429
20160707;SHUL4;SCHULZ;PN;420;431
20160708;SHUL4;SCHULZ;PN;434;432
20160711;SHUL4;SCHULZ;PN;441;447
20160712;SHUL4;SCHULZ;PN;447;441
20160713;SHUL4;SCHULZ;PN;440;441
20160714;SHUL4;SCHULZ;PN;449;443
20160715;SHUL4;SCHULZ;PN;445;456
20160718;SHUL4;SCHULZ;PN;458;469
20160719;SHUL4;SCHULZ;PN;467;466
20160720;SHUL4;SCHULZ;PN;479;480
20160721;SHUL4;SCHULZ;PN;480;484
20160722;SHUL4;SCHULZ;PN;489;518
20160725;SHUL4;SCHULZ;PN;520;524
20160726;SHUL4;SCHULZ;PN;537;502
20160727;SHUL4;SCHULZ;PN;505;497
20160728;SHUL4;SCHULZ;PN;497;497
20160729;SHUL4;SCHULZ;PN;496;499
20160801;SHUL4;SCHULZ;PN;500;486
20160802;SHUL4;SCHULZ;PN;499;500
20160803;SHUL4;SCHULZ;PN;500;515
20160804;SHUL4;SCHULZ;PN;515;515
20160805;SHUL4;SCHULZ;PN;520;528
20160808;SHUL4;SCHULZ;PN;539;520
20160809;SHUL4;SCHULZ;PN;545;510
20160810;SHUL4;SCHULZ;PN;510;550
20160811;SHUL4;SCHULZ;PN;551;550
20160812;SHUL4;SCHULZ;PN;555;570
20160815;SHUL4;SCHULZ;PN;570;573
20160816;SHUL4;SCHULZ;PN;575;564
20160817;SHUL4;SCHULZ;PN;569;572
20160818;SHUL4;SCHULZ;PN;575;590
20160819;SHUL4;SCHULZ;PN;590;580
20160822;SHUL4;SCHULZ;PN;566;585
20160823;SHUL4;SCHULZ;PN;585;572
20160824;SHUL4;SCHULZ;PN;581;580
20160825;SHUL4;SCHULZ;PN;579;567
20160826;SHUL4;SCHULZ;PN;575;575
20160829;SHUL4;SCHULZ;PN;576;575
20160830;SHUL4;SCHULZ;PN;574;560
20160831;SHUL4;SCHULZ;PN;576;549
20160901;SHUL4;SCHULZ;PN;552;554
20160902;SHUL4;SCHULZ;PN;556;562
20160905;SHUL4;SCHULZ;PN;557;575
20160906;SHUL4;SCHULZ;PN;561;580
20160908;SHUL4;SCHULZ;PN;580;575
20160909;SHUL4;SCHULZ;PN;579;569
20160912;SHUL4;SCHULZ;PN;569;574
20160913;SHUL4;SCHULZ;PN;574;560
20160914;SHUL4;SCHULZ;PN;549;559
20160915;SHUL4;SCHULZ;PN;551;570
20160916;SHUL4;SCHULZ;PN;571;558
20160919;SHUL4;SCHULZ;PN;558;555
20160920;SHUL4;SCHULZ;PN;555;555
20160921;SHUL4;SCHULZ;PN;555;565
20160922;SHUL4;SCHULZ;PN;565;568
20160923;SHUL4;SCHULZ;PN;566;559
20160926;SHUL4;SCHULZ;PN;558;526
20160927;SHUL4;SCHULZ;PN;528;529
20160928;SHUL4;SCHULZ;PN;527;540
20160929;SHUL4;SCHULZ;PN;539;525
20160930;SHUL4;SCHULZ;PN;525;517
20161003;SHUL4;SCHULZ;PN;514;511
20161004;SHUL4;SCHULZ;PN;510;510
20161005;SHUL4;SCHULZ;PN;505;515
20161006;SHUL4;SCHULZ;PN;515;515
20161007;SHUL4;SCHULZ;PN;515;514
20161010;SHUL4;SCHULZ;PN;510;520
20161011;SHUL4;SCHULZ;PN;515;500
20161013;SHUL4;SCHULZ;PN;501;500
20161014;SHUL4;SCHULZ;PN;506;508
20161017;SHUL4;SCHULZ;PN;516;506
20161018;SHUL4;SCHULZ;PN;510;524
20161019;SHUL4;SCHULZ;PN;518;520
20161020;SHUL4;SCHULZ;PN;512;520
20161021;SHUL4;SCHULZ;PN;515;508
20161024;SHUL4;SCHULZ;PN;523;515
20161025;SHUL4;SCHULZ;PN;516;533
20161026;SHUL4;SCHULZ;PN;530;539
20161027;SHUL4;SCHULZ;PN;516;535
20161028;SHUL4;SCHULZ;PN;532;525
20161031;SHUL4;SCHULZ;PN  EJ;525;503
20161101;SHUL4;SCHULZ;PN  EJ;512;480
20161103;SHUL4;SCHULZ;PN  EJ;477;458
20161104;SHUL4;SCHULZ;PN  EJ;463;459
20161107;SHUL4;SCHULZ;PN  EJ;460;460
20161108;SHUL4;SCHULZ;PN  EJ;460;458
20161109;SHUL4;SCHULZ;PN  EJ;440;464
20161110;SHUL4;SCHULZ;PN  EJ;463;455
20161111;SHUL4;SCHULZ;PN;446;435
20161114;SHUL4;SCHULZ;PN;435;449
20161116;SHUL4;SCHULZ;PN;455;475
20161117;SHUL4;SCHULZ;PN;475;458
20161118;SHUL4;SCHULZ;PN;454;443
20161121;SHUL4;SCHULZ;PN;446;441
20161122;SHUL4;SCHULZ;PN;443;441
20161123;SHUL4;SCHULZ;PN;442;430
20161124;SHUL4;SCHULZ;PN;435;434
20161125;SHUL4;SCHULZ;PN;439;434
20161128;SHUL4;SCHULZ;PN;440;439
20161129;SHUL4;SCHULZ;PN;441;448
20161130;SHUL4;SCHULZ;PN;447;452
20161201;SHUL4;SCHULZ;PN;450;423
20161202;SHUL4;SCHULZ;PN;424;436
20161205;SHUL4;SCHULZ;PN;435;422
20161206;SHUL4;SCHULZ;PN;421;440
20161207;SHUL4;SCHULZ;PN;440;445
20161208;SHUL4;SCHULZ;PN;442;439
20161209;SHUL4;SCHULZ;PN;441;434
20161212;SHUL4;SCHULZ;PN;433;425
20161213;SHUL4;SCHULZ;PN;431;428
20161214;SHUL4;SCHULZ;PN;432;416
20161215;SHUL4;SCHULZ;PN;420;418
20161216;SHUL4;SCHULZ;PN;419;413
20161219;SHUL4;SCHULZ;PN;416;409
20161220;SHUL4;SCHULZ;PN;410;410
20161221;SHUL4;SCHULZ;PN;413;402
20161222;SHUL4;SCHULZ;PN;402;399
20161223;SHUL4;SCHULZ;PN;409;410
20161226;SHUL4;SCHULZ;PN;402;418
20161227;SHUL4;SCHULZ;PN;420;417
20161228;SHUL4;SCHULZ;PN;418;415
20161229;SHUL4;SCHULZ;PN;415;423
20170102;SHUL4;SCHULZ;PN;411;425
20170103;SHUL4;SCHULZ;PN;425;430
20170104;SHUL4;SCHULZ;PN;433;428
20170105;SHUL4;SCHULZ;PN;434;440
20170106;SHUL4;SCHULZ;PN;443;470
20170109;SHUL4;SCHULZ;PN;475;489
20170110;SHUL4;SCHULZ;PN;489;485
20170111;SHUL4;SCHULZ;PN;495;505
20170112;SHUL4;SCHULZ;PN;510;495
20170113;SHUL4;SCHULZ;PN;496;498
20170116;SHUL4;SCHULZ;PN;500;502
20170117;SHUL4;SCHULZ;PN;505;508
20170118;SHUL4;SCHULZ;PN;517;513
20170119;SHUL4;SCHULZ;PN;524;492
20170120;SHUL4;SCHULZ;PN;494;498
20170123;SHUL4;SCHULZ;PN;518;496
20170124;SHUL4;SCHULZ;PN;503;500
20170126;SHUL4;SCHULZ;PN;504;516
20170127;SHUL4;SCHULZ;PN;531;540
20170130;SHUL4;SCHULZ;PN;547;531
20170131;SHUL4;SCHULZ;PN;531;538
20170201;SHUL4;SCHULZ;PN;549;517
20170202;SHUL4;SCHULZ;PN;517;502
20170203;SHUL4;SCHULZ;PN;519;504
20170206;SHUL4;SCHULZ;PN;519;500
20170207;SHUL4;SCHULZ;PN;501;513
20170208;SHUL4;SCHULZ;PN;515;502
20170209;SHUL4;SCHULZ;PN;504;503
20170210;SHUL4;SCHULZ;PN;505;519
20170213;SHUL4;SCHULZ;PN;519;550
20170214;SHUL4;SCHULZ;PN;554;540
20170215;SHUL4;SCHULZ;PN;547;545
20170216;SHUL4;SCHULZ;PN;545;546
20170217;SHUL4;SCHULZ;PN;551;554
20170220;SHUL4;SCHULZ;PN;559;556
20170221;SHUL4;SCHULZ;PN;556;552
20170222;SHUL4;SCHULZ;PN;552;549
20170223;SHUL4;SCHULZ;PN;551;530
20170224;SHUL4;SCHULZ;PN;526;532
20170301;SHUL4;SCHULZ;PN;542;545
20170302;SHUL4;SCHULZ;PN;544;549
20170303;SHUL4;SCHULZ;PN;549;559
20170306;SHUL4;SCHULZ;PN;567;570
20170307;SHUL4;SCHULZ;PN;573;576
20170308;SHUL4;SCHULZ;PN;577;587
20170309;SHUL4;SCHULZ;PN;596;574
20170310;SHUL4;SCHULZ;PN;585;593
20170313;SHUL4;SCHULZ;PN;593;583
20170314;SHUL4;SCHULZ;PN;593;575
20170315;SHUL4;SCHULZ;PN;583;565
20170316;SHUL4;SCHULZ;PN;567;577
20170317;SHUL4;SCHULZ;PN;577;574
20170320;SHUL4;SCHULZ;PN;572;558
20170321;SHUL4;SCHULZ;PN;561;530
20170322;SHUL4;SCHULZ;PN;531;520
20170323;SHUL4;SCHULZ;PN;512;515
20170324;SHUL4;SCHULZ;PN;520;550
20170327;SHUL4;SCHULZ;PN;554;536
20170328;SHUL4;SCHULZ;PN;536;551
20170329;SHUL4;SCHULZ;PN;555;555
20170330;SHUL4;SCHULZ;PN;555;547
20170331;SHUL4;SCHULZ;PN;548;535
20170403;SHUL4;SCHULZ;PN;549;539
20170404;SHUL4;SCHULZ;PN;539;530
20170405;SHUL4;SCHULZ;PN;533;529
20170406;SHUL4;SCHULZ;PN;536;529
20170407;SHUL4;SCHULZ;PN;544;530
20170410;SHUL4;SCHULZ;PN;525;525
20170411;SHUL4;SCHULZ;PN;536;534
20170412;SHUL4;SCHULZ;PN;517;530
20170413;SHUL4;SCHULZ;PN;530;525
20170417;SHUL4;SCHULZ;PN;526;532
20170418;SHUL4;SCHULZ;PN;562;555
20170419;SHUL4;SCHULZ;PN;568;600
20170420;SHUL4;SCHULZ;PN;610;648
20170424;SHUL4;SCHULZ;PN;651;699
20170425;SHUL4;SCHULZ;PN;700;655
20170426;SHUL4;SCHULZ;PN;662;670
20170427;SHUL4;SCHULZ;PN;685;677
20170428;SHUL4;SCHULZ;PN;680;685
20170502;SHUL4;SCHULZ;PN;685;691
20170503;SHUL4;SCHULZ;PN  ED;690;671
20170504;SHUL4;SCHULZ;PN  ED;680;668
20170505;SHUL4;SCHULZ;PN  ED;679;680
20170508;SHUL4;SCHULZ;PN  ED;683;674
20170509;SHUL4;SCHULZ;PN  ED;679;669
20170510;SHUL4;SCHULZ;PN  ED;677;600
20170511;SHUL4;SCHULZ;PN  ED;606;617
20170512;SHUL4;SCHULZ;PN  ED;625;622
20170515;SHUL4;SCHULZ;PN;625;634
20170516;SHUL4;SCHULZ;PN;636;646
20170517;SHUL4;SCHULZ;PN;649;633
20170518;SHUL4;SCHULZ;PN;550;576
20170519;SHUL4;SCHULZ;PN;580;605
20170522;SHUL4;SCHULZ;PN;605;574
20170523;SHUL4;SCHULZ;PN;575;585
20170524;SHUL4;SCHULZ;PN;585;586
20170525;SHUL4;SCHULZ;PN;587;586
20170526;SHUL4;SCHULZ;PN;583;604
20170529;SHUL4;SCHULZ;PN;610;614
20170530;SHUL4;SCHULZ;PN;614;593
20170531;SHUL4;SCHULZ;PN;605;583
20170601;SHUL4;SCHULZ;PN;587;595
20170602;SHUL4;SCHULZ;PN;608;603
20170605;SHUL4;SCHULZ;PN;603;600
20170606;SHUL4;SCHULZ;PN;600;603
20170607;SHUL4;SCHULZ;PN;603;609
20170608;SHUL4;SCHULZ;PN;616;613
20170609;SHUL4;SCHULZ;PN;614;616
20170612;SHUL4;SCHULZ;PN;618;613
20170613;SHUL4;SCHULZ;PN;615;602
20170614;SHUL4;SCHULZ;PN;605;611
20170616;SHUL4;SCHULZ;PN;615;609
20170619;SHUL4;SCHULZ;PN;612;609
20170620;SHUL4;SCHULZ;PN;612;600
20170621;SHUL4;SCHULZ;PN;606;600
20170622;SHUL4;SCHULZ;PN;600;609
20170623;SHUL4;SCHULZ;PN;609;600
20170626;SHUL4;SCHULZ;PN;602;596
20170627;SHUL4;SCHULZ;PN;597;599
20170628;SHUL4;SCHULZ;PN;600;587
20170629;SHUL4;SCHULZ;PN;591;599
20170630;SHUL4;SCHULZ;PN;590;586
20170703;SHUL4;SCHULZ;PN;604;595
20170704;SHUL4;SCHULZ;PN;590;591
20170705;SHUL4;SCHULZ;PN;592;590
20170706;SHUL4;SCHULZ;PN;597;597
20170707;SHUL4;SCHULZ;PN;597;615
20170710;SHUL4;SCHULZ;PN;615;614
20170711;SHUL4;SCHULZ;PN;616;603
20170712;SHUL4;SCHULZ;PN;603;614
20170713;SHUL4;SCHULZ;PN;614;607
20170714;SHUL4;SCHULZ;PN;611;618
20170717;SHUL4;SCHULZ;PN;616;613
20170718;SHUL4;SCHULZ;PN;615;619
20170719;SHUL4;SCHULZ;PN;619;620
20170720;SHUL4;SCHULZ;PN;620;620
20170721;SHUL4;SCHULZ;PN;614;620
20170724;SHUL4;SCHULZ;PN;620;613
20170725;SHUL4;SCHULZ;PN;614;624
20170726;SHUL4;SCHULZ;PN;624;633
20170727;SHUL4;SCHULZ;PN;625;622
20170728;SHUL4;SCHULZ;PN;618;618
20170731;SHUL4;SCHULZ;PN;618;610
20170801;SHUL4;SCHULZ;PN;610;613
20170802;SHUL4;SCHULZ;PN;613;619
20170803;SHUL4;SCHULZ;PN;619;615
20170804;SHUL4;SCHULZ;PN;623;620
20170807;SHUL4;SCHULZ;PN;620;624
20170808;SHUL4;SCHULZ;PN;629;625
20170809;SHUL4;SCHULZ;PN;630;635
20170810;SHUL4;SCHULZ;PN;630;639
20170811;SHUL4;SCHULZ;PN;640;640
20170814;SHUL4;SCHULZ;PN;636;648
20170815;SHUL4;SCHULZ;PN;649;652
20170816;SHUL4;SCHULZ;PN;652;665
20170817;SHUL4;SCHULZ;PN;671;681
20170818;SHUL4;SCHULZ;PN;681;687
20170821;SHUL4;SCHULZ;PN;687;690
20170822;SHUL4;SCHULZ;PN;690;690
20170823;SHUL4;SCHULZ;PN;690;692
20170824;SHUL4;SCHULZ;PN;692;680
20170825;SHUL4;SCHULZ;PN;682;676
20170828;SHUL4;SCHULZ;PN;674;673
20170829;SHUL4;SCHULZ;PN;672;684
20170830;SHUL4;SCHULZ;PN;685;680
20170831;SHUL4;SCHULZ;PN;677;693
20170901;SHUL4;SCHULZ;PN;689;676
20170904;SHUL4;SCHULZ;PN;671;668
20170905;SHUL4;SCHULZ;PN;675;669
20170906;SHUL4;SCHULZ;PN;669;680
20170908;SHUL4;SCHULZ;PN;680;694
20170911;SHUL4;SCHULZ;PN;690;699
20170912;SHUL4;SCHULZ;PN;700;710
20170913;SHUL4;SCHULZ;PN;715;728
20170914;SHUL4;SCHULZ;PN;730;738
20170915;SHUL4;SCHULZ;PN;740;773
20170918;SHUL4;SCHULZ;PN;773;790
20170919;SHUL4;SCHULZ;PN;798;774
20170920;SHUL4;SCHULZ;PN;780;773
20170921;SHUL4;SCHULZ;PN;773;773
20170922;SHUL4;SCHULZ;PN;775;761
20170925;SHUL4;SCHULZ;PN;761;738
20170926;SHUL4;SCHULZ;PN;751;736
20170927;SHUL4;SCHULZ;PN;755;726
20170928;SHUL4;SCHULZ;PN;722;715
20170929;SHUL4;SCHULZ;PN;736;729
20171002;SHUL4;SCHULZ;PN;729;745
20171003;SHUL4;SCHULZ;PN;749;763
20171004;SHUL4;SCHULZ;PN;765;770
20171005;SHUL4;SCHULZ;PN;779;772
20171006;SHUL4;SCHULZ;PN;779;750
20171009;SHUL4;SCHULZ;PN;750;760
20171010;SHUL4;SCHULZ;PN;760;788
20171011;SHUL4;SCHULZ;PN;798;793
20171013;SHUL4;SCHULZ;PN;793;780
